Station,Path ID,Origin-Destination,movement,Latitude,Longitude
No.102,No.102_No.104,Origin,5,37.556,126.910454
No.104,No.102_No.104,Destination,5,37.550629,126.91498600000001
No.1833,No.1833_No.1814,Origin,3,37.466541,126.89028200000001
No.1814,No.1833_No.1814,Destination,3,37.47422,126.894127
No.1119,No.1119_No.742,Origin,3,37.554253,126.86756100000001
No.742,No.1119_No.742,Destination,3,37.550732,126.86457800000001
No.1173,No.1173_No.742,Origin,1,37.556259000000004,126.85331699999999
No.742,No.1173_No.742,Destination,1,37.550732,126.86457800000001
No.1735,No.1735_No.1728,Origin,4,37.679119,127.044983
No.1728,No.1735_No.1728,Destination,4,37.677665999999995,127.04624199999999
No.1719,No.1719_No.1728,Origin,2,37.673283000000005,127.04399099999999
No.1728,No.1719_No.1728,Destination,2,37.677665999999995,127.04624199999999
No.712,No.712_No.745,Origin,3,37.516998,126.83831799999999
No.745,No.712_No.745,Destination,3,37.522282000000004,126.839699
No.720,No.720_No.745,Origin,1,37.516197,126.8349
No.745,No.720_No.745,Destination,1,37.522282000000004,126.839699
No.764,No.764_No.747,Origin,4,37.531029,126.87589299999999
No.747,No.764_No.747,Destination,4,37.53458,126.875648
No.1705,No.1705_No.1706,Origin,4,37.669224,127.046516
No.1706,No.1705_No.1706,Destination,4,37.665665000000004,127.042671
No.1450,No.1450_No.1693,Origin,4,37.619625,127.08501399999999
No.1655,No.1655_No.1693,Origin,2,37.631111,127.07016000000002
No.1689,No.1689_No.1686,Origin,4,37.665248999999996,127.057892
No.1686,No.1689_No.1686,Destination,4,37.66114,127.058052
No.1418,No.1418_No.1679,Origin,4,37.617989,127.110542
No.1679,No.1418_No.1679,Destination,4,37.64283,127.10666699999999
No.1441,No.1441_No.1679,Origin,2,37.616710999999995,127.11073300000001
No.1679,No.1441_No.1679,Destination,2,37.64283,127.10666699999999
No.846,No.846_No.811,Origin,8,37.546638,126.98104099999999
No.811,No.846_No.811,Destination,8,37.53508,126.985382
No.1834,No.1834_No.1839,Origin,6,37.479084,126.879044
No.1839,No.1834_No.1839,Destination,6,37.477058,126.885185
No.1804,No.1804_No.1839,Origin,2,37.46653,126.888718
No.1839,No.1804_No.1839,Destination,2,37.477058,126.885185
No.805,No.805_No.816,Origin,5,37.536758,126.970001
No.816,No.805_No.816,Destination,5,37.530148,126.968483
No.822,No.822_No.816,Origin,1,37.522040999999994,126.965523
No.816,No.822_No.816,Destination,1,37.530148,126.968483
No.846,No.846_No.831,Origin,1,37.546638,126.98104099999999
No.831,No.846_No.831,Destination,1,37.534279,126.988564
No.839,No.839_No.831,Origin,5,37.52401,127.00145
No.831,No.839_No.831,Destination,5,37.534279,126.988564
No.822,No.822_No.841,Origin,2,37.522040999999994,126.965523
No.841,No.822_No.841,Destination,2,37.52961,126.96887199999999
No.834,No.834_No.841,Origin,4,37.539009,126.96138
No.841,No.834_No.841,Destination,4,37.52961,126.96887199999999
No.1656,No.1656_No.1665,Origin,4,37.654999,127.06743600000001
No.1665,No.1656_No.1665,Destination,4,37.647335,127.076424
No.949,No.949_No.906,Origin,4,37.619781,126.92080700000001
No.906,No.949_No.906,Destination,4,37.61721,126.919579
No.1617,No.1617_No.1664,Origin,4,37.63715,127.063271
No.1664,No.1617_No.1664,Destination,4,37.649361,127.07044199999999
No.1617,No.1617_No.1650,Origin,8,37.63715,127.063271
No.1650,No.1617_No.1650,Destination,8,37.63958,127.065102
No.1407,No.1407_No.1643,Origin,4,37.611511,127.07788799999999
No.1643,No.1407_No.1643,Destination,4,37.617367,127.07521100000001
No.1413,No.1413_No.1642,Origin,2,37.617561,127.090309
No.1642,No.1413_No.1642,Destination,2,37.625434999999996,127.088493
No.967,No.967_No.926,Origin,3,37.608909999999995,126.932419
No.926,No.967_No.926,Destination,3,37.611179,126.92966499999999
No.1655,No.1655_No.1619,Origin,2,37.631111,127.07016000000002
No.1619,No.1655_No.1619,Destination,2,37.649021000000005,127.076408
No.1738,No.1738_No.1619,Origin,2,37.646309,127.052742
No.1619,No.1738_No.1619,Destination,2,37.649021000000005,127.076408
No.1716,No.1716_No.1674,Origin,3,37.654202000000005,127.050728
No.1674,No.1716_No.1674,Destination,3,37.653549,127.05808300000001
No.1738,No.1738_No.1674,Origin,2,37.646309,127.052742
No.1674,No.1738_No.1674,Destination,2,37.653549,127.05808300000001
No.1702,No.1702_No.1674,Origin,1,37.646172,127.05056
No.1674,No.1702_No.1674,Destination,1,37.653549,127.05808300000001
No.764,No.764_No.723,Origin,6,37.531029,126.87589299999999
No.723,No.764_No.723,Destination,6,37.529163,126.872749
No.1856,No.1856_No.1854,Origin,3,37.478409,126.907372
No.1854,No.1856_No.1854,Destination,3,37.47818,126.89740800000001
No.2156,No.2156_No.1854,Origin,1,37.480721,126.909325
No.1854,No.2156_No.1854,Destination,1,37.47818,126.89740800000001
No.704,No.704_No.707,Origin,4,37.523254,126.864906
No.707,No.704_No.707,Destination,4,37.515156,126.854897
No.2220,No.2220_No.2038,Origin,4,37.500614,126.98616000000001
No.2038,No.2220_No.2038,Destination,4,37.503181,126.97608899999999
No.536,No.536_No.559,Origin,3,37.55735,127.02921299999998
No.559,No.536_No.559,Destination,3,37.561096,127.03679699999999
No.519,No.519_No.559,Origin,1,37.566994,127.02991499999999
No.559,No.519_No.559,Destination,1,37.561096,127.03679699999999
No.509,No.509_No.561,Origin,4,37.539654,127.05258899999998
No.561,No.509_No.561,Destination,4,37.542815999999995,127.04467
No.2054,No.2054_No.2013,Origin,5,37.510548,126.944847
No.2013,No.2054_No.2013,Destination,5,37.505852000000004,126.93936200000002
No.2050,No.2050_No.2013,Origin,3,37.513248,126.939972
No.2013,No.2050_No.2013,Destination,3,37.505852000000004,126.93936200000002
No.2007,No.2007_No.2013,Origin,4,37.512939,126.934242
No.2013,No.2007_No.2013,Destination,4,37.505852000000004,126.93936200000002
No.507,No.507_No.567,Origin,2,37.548203,127.05711399999998
No.567,No.507_No.567,Destination,2,37.54459,127.057083
No.509,No.509_No.567,Origin,1,37.539654,127.05258899999998
No.567,No.509_No.567,Destination,1,37.54459,127.057083
No.585,No.585_No.567,Origin,3,37.536808,127.055489
No.567,No.585_No.567,Destination,3,37.54459,127.057083
No.3511,No.3511_No.569,Origin,4,37.55125,127.035103
No.569,No.3511_No.569,Destination,4,37.549583,127.030243
No.3509,No.3509_No.571,Origin,5,37.553416999999996,127.073196
No.571,No.3509_No.571,Destination,5,37.548496,127.07476000000001
No.560,No.560_No.571,Origin,3,37.551204999999996,127.068932
No.571,No.560_No.571,Destination,3,37.548496,127.07476000000001
No.2177,No.2177_No.2012,Origin,4,37.487128999999996,126.913017
No.2012,No.2177_No.2012,Destination,4,37.488361,126.906227
No.3517,No.3517_No.575,Origin,4,37.562527,127.082275
No.575,No.3517_No.575,Destination,4,37.564293,127.086937
No.1908,No.1908_No.1996,Origin,5,37.495284999999996,126.87216200000002
No.1996,No.1908_No.1996,Destination,5,37.495399,126.87101000000001
No.1994,No.1994_No.1996,Origin,3,37.496998,126.87178
No.1996,No.1994_No.1996,Destination,3,37.495399,126.87101000000001
No.373,No.373_No.580,Origin,2,37.555859000000005,127.013855
No.580,No.373_No.580,Destination,2,37.554390000000005,127.020149
No.1228,No.1228_No.1229,Origin,4,37.4977,127.146202
No.1229,No.1228_No.1229,Destination,4,37.490688,127.143127
No.1207,No.1207_No.1229,Origin,2,37.499756,127.15250400000001
No.1229,No.1207_No.1229,Destination,2,37.490688,127.143127
No.3505,No.3505_No.589,Origin,3,37.535221,127.068398
No.589,No.3505_No.589,Destination,3,37.544159,127.056656
No.3520,No.3520_No.591,Origin,2,37.542519,127.084084
No.591,No.3520_No.591,Destination,2,37.542778000000006,127.07537099999999
No.622,No.622_No.608,Origin,4,37.577793,127.05783100000001
No.608,No.622_No.608,Destination,4,37.581309999999995,127.05534399999999
No.1973,No.1973_No.1953,Origin,4,37.488597999999996,126.83649399999999
No.1953,No.1973_No.1953,Destination,4,37.486385,126.839211
No.1941,No.1941_No.1953,Origin,4,37.493938,126.84405500000001
No.1953,No.1941_No.1953,Destination,4,37.486385,126.839211
No.636,No.636_No.637,Origin,4,37.5909,127.04258700000001
No.637,No.636_No.637,Destination,4,37.591614,127.04579199999999
No.1960,No.1960_No.1946,Origin,4,37.50285,126.889481
No.1946,No.1960_No.1946,Destination,4,37.503116999999996,126.88038600000002
No.1912,No.1912_No.1924,Origin,3,37.4888,126.89066299999999
No.1924,No.1912_No.1924,Destination,3,37.478741,126.895096
No.2156,No.2156_No.1924,Origin,1,37.480721,126.909325
No.1924,No.2156_No.1924,Destination,1,37.478741,126.895096
No.635,No.635_No.661,Origin,4,37.587517,127.052773
No.661,No.635_No.661,Destination,4,37.594601000000004,127.05196399999998
No.650,No.650_No.663,Origin,4,37.591534,127.067741
No.663,No.650_No.663,Destination,4,37.594891,127.06302600000001
No.1960,No.1960_No.1910,Origin,2,37.50285,126.889481
No.1910,No.1960_No.1910,Destination,2,37.497505,126.884377
No.264,No.264_No.1904,Origin,4,37.521931,126.891617
No.1904,No.264_No.1904,Destination,4,37.51424,126.882874
No.1545,No.1545_No.1542,Origin,4,37.62038,127.01368000000001
No.1542,No.1545_No.1542,Destination,4,37.621552,127.02037
No.515,No.515_No.546,Origin,3,37.530235,127.08683
No.546,No.515_No.546,Destination,3,37.532478000000005,127.08509099999999
No.934,No.934_No.971,Origin,4,37.597141,126.909599
No.971,No.934_No.971,Destination,4,37.602329,126.906548
No.1737,No.1737_No.1536,Origin,3,37.639702,127.03883400000001
No.1536,No.1737_No.1536,Destination,3,37.636261,127.032173
No.1543,No.1543_No.1536,Origin,3,37.630188000000004,127.017738
No.1536,No.1543_No.1536,Destination,3,37.636261,127.032173
No.1519,No.1519_No.1536,Origin,2,37.645451,127.01561699999999
No.1536,No.1519_No.1536,Destination,2,37.636261,127.032173
No.1157,No.1157_No.1129,Origin,2,37.550659,126.84976999999999
No.1129,No.1157_No.1129,Destination,2,37.542099,126.840218
No.1157,No.1157_No.1131,Origin,2,37.550659,126.84976999999999
No.1131,No.1157_No.1131,Destination,2,37.546444,126.845459
No.1173,No.1173_No.1131,Origin,1,37.556259000000004,126.85331699999999
No.1131,No.1173_No.1131,Destination,1,37.546444,126.845459
No.1203,No.1203_No.1290,Origin,4,37.493728999999995,127.120621
No.1290,No.1203_No.1290,Destination,4,37.474659,127.13771799999999
No.1173,No.1173_No.1135,Origin,4,37.556259000000004,126.85331699999999
No.1135,No.1173_No.1135,Destination,4,37.546532,126.862549
No.701,No.701_No.1136,Origin,2,37.532803,126.86393000000001
No.1136,No.701_No.1136,Destination,2,37.544788,126.86200000000001
No.754,No.754_No.1136,Origin,2,37.541142,126.876678
No.1136,No.754_No.1136,Destination,2,37.544788,126.86200000000001
No.754,No.754_No.1137,Origin,1,37.541142,126.876678
No.1137,No.754_No.1137,Destination,1,37.541431,126.86322
No.719,No.719_No.1137,Origin,3,37.530369,126.864258
No.1137,No.719_No.1137,Destination,3,37.541431,126.86322
No.1203,No.1203_No.1287,Origin,1,37.493728999999995,127.120621
No.1287,No.1203_No.1287,Destination,1,37.477531,127.14151799999999
No.1207,No.1207_No.1287,Origin,2,37.499756,127.15250400000001
No.1287,No.1207_No.1287,Destination,2,37.477531,127.14151799999999
No.1201,No.1201_No.1286,Origin,4,37.493179,127.118546
No.1286,No.1201_No.1286,Destination,4,37.474377000000004,127.140671
No.1207,No.1207_No.1285,Origin,2,37.499756,127.15250400000001
No.1285,No.1207_No.1285,Destination,2,37.477470000000004,127.14459199999999
No.1201,No.1201_No.1285,Origin,2,37.493179,127.118546
No.1285,No.1201_No.1285,Destination,2,37.477470000000004,127.14459199999999
No.1277,No.1277_No.1285,Origin,2,37.503757,127.137093
No.1285,No.1277_No.1285,Destination,2,37.477470000000004,127.14459199999999
No.1192,No.1192_No.1152,Origin,3,37.555538,126.82675900000001
No.1152,No.1192_No.1152,Destination,3,37.558665999999995,126.82661399999999
No.1162,No.1162_No.1152,Origin,1,37.562678999999996,126.82047299999999
No.1152,No.1162_No.1152,Destination,1,37.558665999999995,126.82661399999999
No.1146,No.1146_No.1128,Origin,4,37.530338,126.83825700000001
No.1128,No.1146_No.1128,Destination,4,37.541412,126.840225
No.2375,No.2375_No.1266,Origin,4,37.48735,127.100998
No.1266,No.2375_No.1266,Destination,4,37.478809000000005,127.120003
No.1212,No.1212_No.1247,Origin,4,37.499413,127.11286899999999
No.1247,No.1212_No.1247,Destination,4,37.478821,127.123512
No.2344,No.2344_No.1247,Origin,2,37.465061,127.101196
No.1247,No.2344_No.1247,Destination,2,37.478821,127.123512
No.2344,No.2344_No.1246,Origin,3,37.465061,127.101196
No.1246,No.2344_No.1246,Destination,3,37.477509000000005,127.126328
No.2383,No.2383_No.1246,Origin,4,37.466328000000004,127.09488700000001
No.1246,No.2383_No.1246,Destination,4,37.477509000000005,127.126328
No.1260,No.1260_No.1246,Origin,1,37.506302000000005,127.121399
No.1246,No.1260_No.1246,Destination,1,37.477509000000005,127.126328
No.1300,No.1300_No.1246,Origin,4,37.506939,127.13922099999999
No.1246,No.1300_No.1246,Destination,4,37.477509000000005,127.126328
No.1300,No.1300_No.1244,Origin,2,37.506939,127.13922099999999
No.1244,No.1300_No.1244,Destination,2,37.481537,127.122124
No.2619,No.2619_No.1242,Origin,2,37.502338,127.096443
No.1242,No.2619_No.1242,Destination,2,37.48209,127.119743
No.1300,No.1300_No.1242,Origin,2,37.506939,127.13922099999999
No.1242,No.1300_No.1242,Destination,2,37.48209,127.119743
No.2601,No.2601_No.1242,Origin,2,37.506747999999995,127.098831
No.1242,No.2601_No.1242,Destination,2,37.48209,127.119743
No.2601,No.2601_No.1241,Origin,4,37.506747999999995,127.098831
No.1241,No.2601_No.1241,Destination,4,37.481239,127.11979699999999
No.2610,No.2610_No.1241,Origin,2,37.510441,127.106377
No.1241,No.2610_No.1241,Destination,2,37.481239,127.11979699999999
No.1173,No.1173_No.1183,Origin,2,37.556259000000004,126.85331699999999
No.1183,No.1173_No.1183,Destination,2,37.548321,126.853401
No.1166,No.1166_No.1183,Origin,2,37.562569,126.84246100000001
No.1183,No.1166_No.1183,Destination,2,37.548321,126.853401
No.1293,No.1293_No.1240,Origin,3,37.506561,127.096558
No.1240,No.1293_No.1240,Destination,3,37.480576,127.118568
No.2610,No.2610_No.1240,Origin,1,37.510441,127.106377
No.1240,No.2610_No.1240,Destination,1,37.480576,127.118568
No.2610,No.2610_No.1239,Origin,1,37.510441,127.106377
No.1239,No.2610_No.1239,Destination,1,37.480843,127.11801100000001
No.1211,No.1211_No.1239,Origin,4,37.512104,127.10778
No.1239,No.1211_No.1239,Destination,4,37.480843,127.11801100000001
No.1248,No.1248_No.1239,Origin,3,37.513962,127.121674
No.1239,No.1248_No.1239,Destination,3,37.480843,127.11801100000001
No.1177,No.1177_No.1199,Origin,4,37.55011,126.823677
No.1199,No.1177_No.1199,Destination,4,37.547821,126.836128
No.1187,No.1187_No.1199,Origin,1,37.553020000000004,126.818367
No.1199,No.1187_No.1199,Destination,1,37.547821,126.836128
No.2613,No.2613_No.1232,Origin,4,37.516781,127.090492
No.1232,No.2613_No.1232,Destination,4,37.512089,127.09619099999999
No.1012,No.1012_No.1264,Origin,3,37.536026,127.122726
No.1264,No.1012_No.1264,Destination,3,37.538582,127.122803
No.1018,No.1018_No.1291,Origin,4,37.524681,127.135406
No.1291,No.1018_No.1291,Destination,4,37.521938,127.13186599999999
No.1194,No.1194_No.1126,Origin,2,37.563301,126.836823
No.1126,No.1194_No.1126,Destination,2,37.548908000000004,126.83656299999998
No.1194,No.1194_No.1125,Origin,1,37.563301,126.836823
No.1125,No.1194_No.1125,Destination,1,37.552914,126.83657099999999
No.1166,No.1166_No.1125,Origin,2,37.562569,126.84246100000001
No.1125,No.1166_No.1125,Destination,2,37.552914,126.83657099999999
No.1187,No.1187_No.1125,Origin,1,37.553020000000004,126.818367
No.1125,No.1187_No.1125,Destination,1,37.552914,126.83657099999999
No.1545,No.1545_No.1529,Origin,1,37.62038,127.01368000000001
No.1529,No.1545_No.1529,Destination,1,37.630179999999996,127.02491
No.1519,No.1519_No.1529,Origin,4,37.645451,127.01561699999999
No.1529,No.1519_No.1529,Destination,4,37.630179999999996,127.02491
No.1603,No.1603_No.1529,Origin,1,37.624859,127.05013999999998
No.1529,No.1603_No.1529,Destination,1,37.630179999999996,127.02491
No.1339,No.1339_No.1527,Origin,4,37.610569,127.03350800000001
No.1527,No.1339_No.1527,Destination,4,37.627334999999995,127.026054
No.1410,No.1410_No.1459,Origin,4,37.577782,127.09018700000001
No.1459,No.1410_No.1459,Destination,4,37.59734,127.09308600000001
No.1442,No.1442_No.1449,Origin,3,37.598591,127.079819
No.1449,No.1442_No.1449,Destination,3,37.596558,127.085838
No.1412,No.1412_No.1449,Origin,3,37.590961,127.08706699999999
No.1449,No.1412_No.1449,Destination,3,37.596558,127.085838
No.1044,No.1044_No.1026,Origin,5,37.545398999999996,127.142601
No.1026,No.1044_No.1026,Destination,5,37.546631,127.15588400000001
No.1410,No.1410_No.1426,Origin,1,37.577782,127.09018700000001
No.1426,No.1410_No.1426,Destination,1,37.573589,127.086823
No.1444,No.1444_No.1426,Origin,5,37.5742,127.08061200000002
No.1426,No.1444_No.1426,Destination,5,37.573589,127.086823
No.1447,No.1447_No.1425,Origin,4,37.588902000000004,127.08728
No.1425,No.1447_No.1425,Destination,4,37.58746,127.09597
No.1453,No.1453_No.1406,Origin,3,37.604603000000004,127.10925300000001
No.1406,No.1453_No.1406,Destination,3,37.606251,127.10826899999999
No.1441,No.1441_No.1406,Origin,1,37.616710999999995,127.11073300000001
No.1406,No.1441_No.1406,Destination,1,37.606251,127.10826899999999
No.650,No.650_No.1403,Origin,2,37.591534,127.067741
No.1403,No.650_No.1403,Destination,2,37.59425,127.076576
No.1412,No.1412_No.1403,Origin,2,37.590961,127.08706699999999
No.1403,No.1412_No.1403,Destination,2,37.59425,127.076576
No.1447,No.1447_No.1403,Origin,2,37.588902000000004,127.08728
No.1403,No.1447_No.1403,Destination,2,37.59425,127.076576
No.1034,No.1034_No.1036,Origin,4,37.561909,127.150749
No.1036,No.1034_No.1036,Destination,4,37.551998,127.153297
No.1021,No.1021_No.1037,Origin,4,37.564301,127.17395
No.1037,No.1021_No.1037,Destination,4,37.562588,127.17761200000001
No.1326,No.1326_No.1377,Origin,3,37.606068,127.04731799999999
No.1325,No.1325_No.1377,Origin,1,37.605808,127.04773700000001
No.1322,No.1322_No.1376,Origin,2,37.598068,127.039276
No.1322,No.1322_No.1366,Origin,2,37.598068,127.039276
No.1366,No.1322_No.1366,Destination,2,37.59972,127.04038200000001
No.1373,No.1373_No.1366,Origin,2,37.602290999999994,127.038979
No.1366,No.1373_No.1366,Destination,2,37.59972,127.04038200000001
No.1034,No.1034_No.1052,Origin,3,37.561909,127.150749
No.1052,No.1034_No.1052,Destination,3,37.556469,127.15682199999999
No.1021,No.1021_No.1052,Origin,1,37.564301,127.17395
No.1052,No.1021_No.1052,Destination,1,37.556469,127.15682199999999
No.1021,No.1021_No.1053,Origin,2,37.564301,127.17395
No.1053,No.1021_No.1053,Destination,2,37.562538,127.164528
No.1044,No.1044_No.1053,Origin,1,37.545398999999996,127.142601
No.1053,No.1044_No.1053,Destination,1,37.562538,127.164528
No.1044,No.1044_No.1056,Origin,3,37.545398999999996,127.142601
No.1056,No.1044_No.1056,Destination,3,37.563332,127.179092
No.1017,No.1017_No.1056,Origin,1,37.535472999999996,127.145172
No.1056,No.1017_No.1056,Destination,1,37.563332,127.179092
No.1358,No.1358_No.1344,Origin,4,37.60479,127.010582
No.1344,No.1358_No.1344,Destination,4,37.600288,127.013702
No.1328,No.1328_No.1323,Origin,4,37.602627000000005,127.041634
No.1323,No.1328_No.1323,Destination,4,37.600433,127.04020700000001
No.1370,No.1370_No.1315,Origin,4,37.59454,126.995209
No.1315,No.1370_No.1315,Destination,4,37.607760999999996,127.003281
No.1018,No.1018_No.1299,Origin,1,37.524681,127.135406
No.1299,No.1018_No.1299,Destination,1,37.519878000000006,127.136711
No.1050,No.1050_No.1299,Origin,5,37.526695000000004,127.135529
No.1299,No.1050_No.1299,Destination,5,37.519878000000006,127.136711
No.1155,No.1155_No.1117,Origin,4,37.56926,126.84841899999999
No.1117,No.1155_No.1117,Destination,4,37.558197,126.84426100000002
No.1196,No.1196_No.1124,Origin,4,37.568241,126.835831
No.1124,No.1196_No.1124,Destination,4,37.557968,126.83828700000001
No.1002,No.1002_No.1001,Origin,4,37.545219,127.12591599999999
No.1001,No.1002_No.1001,Destination,4,37.541805,127.12471799999999
No.1012,No.1012_No.1001,Origin,2,37.536026,127.122726
No.1001,No.1012_No.1001,Destination,2,37.541805,127.12471799999999
No.2058,No.2058_No.2057,Origin,3,37.513523,126.943527
No.2057,No.2058_No.2057,Destination,3,37.500881,126.94175
No.2007,No.2007_No.2057,Origin,1,37.512939,126.934242
No.2057,No.2007_No.2057,Destination,1,37.500881,126.94175
No.1914,No.1914_No.1979,Origin,4,37.494591,126.89392099999999
No.1979,No.1914_No.1979,Destination,4,37.492031,126.873772
No.586,No.586_No.537,Origin,3,37.565940999999995,127.045395
No.537,No.586_No.537,Destination,3,37.560356,127.041397
No.583,No.583_No.537,Origin,1,37.56797,127.04688999999999
No.537,No.583_No.537,Destination,1,37.560356,127.041397
No.2319,No.2319_No.2355,Origin,3,37.506607,127.05468
No.2355,No.2319_No.2355,Destination,3,37.509121,127.06230900000001
No.2317,No.2317_No.2355,Origin,4,37.515888000000004,127.0662
No.2355,No.2317_No.2355,Destination,4,37.509121,127.06230900000001
No.1249,No.1249_No.2355,Origin,1,37.505463,127.077347
No.2355,No.1249_No.2355,Destination,1,37.509121,127.06230900000001
No.2405,No.2405_No.2354,Origin,2,37.518710999999996,127.05085
No.2354,No.2405_No.2354,Destination,2,37.519787,127.05676299999999
No.2357,No.2357_No.2349,Origin,4,37.501948999999996,127.04276999999999
No.2349,No.2357_No.2349,Destination,4,37.5014,127.037849
No.2328,No.2328_No.2348,Origin,4,37.503586,127.04264099999999
No.2348,No.2328_No.2348,Destination,4,37.507233,127.056854
No.2405,No.2405_No.2348,Origin,4,37.518710999999996,127.05085
No.2348,No.2405_No.2348,Destination,4,37.507233,127.056854
No.2403,No.2403_No.2343,Origin,4,37.48872,127.07453899999999
No.2343,No.2403_No.2343,Destination,4,37.465317,127.107727
No.239,No.239_No.238,Origin,4,37.525852,126.903282
No.238,No.239_No.238,Destination,4,37.526385999999995,126.90275600000001
No.264,No.264_No.240,Origin,4,37.521931,126.891617
No.240,No.264_No.240,Destination,4,37.518738,126.895576
No.292,No.292_No.242,Origin,4,37.51012,126.904068
No.242,No.292_No.242,Destination,4,37.510933,126.910225
No.235,No.235_No.242,Origin,2,37.504566,126.910233
No.242,No.235_No.242,Destination,2,37.510933,126.910225
No.2360,No.2360_No.2335,Origin,4,37.492809,127.041389
No.2335,No.2360_No.2335,Destination,4,37.486767,127.046761
No.2320,No.2320_No.2334,Origin,5,37.491928,127.056969
No.2334,No.2320_No.2334,Destination,5,37.493759000000004,127.045898
No.2381,No.2381_No.2334,Origin,1,37.506367,127.034523
No.2334,No.2381_No.2334,Destination,1,37.493759000000004,127.045898
No.2359,No.2359_No.2358,Origin,4,37.475605,127.050377
No.2358,No.2359_No.2358,Destination,4,37.481384000000006,127.053917
No.2321,No.2321_No.2326,Origin,4,37.496117,127.06944299999999
No.2326,No.2321_No.2326,Destination,4,37.502396000000005,127.0588
No.2405,No.2405_No.2312,Origin,3,37.518710999999996,127.05085
No.2312,No.2405_No.2312,Destination,3,37.520579999999995,127.05632800000001
No.2309,No.2309_No.2312,Origin,1,37.518902000000004,127.04938500000002
No.2312,No.2309_No.2312,Destination,1,37.520579999999995,127.05632800000001
No.2356,No.2356_No.2311,Origin,3,37.51807,127.047119
No.2311,No.2356_No.2311,Destination,3,37.517773,127.043022
No.2309,No.2309_No.2311,Origin,1,37.518902000000004,127.04938500000002
No.2311,No.2309_No.2311,Destination,1,37.517773,127.043022
No.2244,No.2244_No.2293,Origin,4,37.477852,127.03891000000002
No.2293,No.2244_No.2293,Destination,4,37.484798,127.03699499999999
No.2026,No.2026_No.2061,Origin,4,37.509056,126.963249
No.2061,No.2026_No.2061,Destination,4,37.505928000000004,126.96923100000001
No.283,No.283_No.276,Origin,4,37.522518,126.907219
No.276,No.283_No.276,Destination,4,37.518284,126.912636
No.241,No.241_No.278,Origin,4,37.505328999999996,126.89848300000001
No.278,No.241_No.278,Destination,4,37.507931,126.895233
No.2283,No.2283_No.2271,Origin,3,37.486526,126.989166
No.2271,No.2283_No.2271,Destination,3,37.487865,126.994293
No.283,No.283_No.284,Origin,1,37.522518,126.907219
No.284,No.283_No.284,Destination,1,37.518211,126.902229
No.239,No.239_No.284,Origin,2,37.525852,126.903282
No.284,No.239_No.284,Destination,2,37.518211,126.902229
No.230,No.230_No.284,Origin,1,37.524634999999996,126.896217
No.284,No.230_No.284,Destination,1,37.518211,126.902229
No.2244,No.2244_No.2243,Origin,4,37.477852,127.03891000000002
No.2243,No.2244_No.2243,Destination,4,37.481491,127.036728
No.2294,No.2294_No.2243,Origin,2,37.475906,127.04624199999999
No.2243,No.2294_No.2243,Destination,2,37.481491,127.036728
No.241,No.241_No.291,Origin,2,37.505328999999996,126.89848300000001
No.291,No.241_No.291,Destination,2,37.513851,126.89888
No.230,No.230_No.291,Origin,3,37.524634999999996,126.896217
No.291,No.230_No.291,Destination,3,37.513851,126.89888
No.2309,No.2309_No.2315,Origin,1,37.518902000000004,127.04938500000002
No.2315,No.2309_No.2315,Destination,1,37.514247999999995,127.06111899999999
No.1224,No.1224_No.2315,Origin,3,37.512169,127.078934
No.2315,No.1224_No.2315,Destination,3,37.514247999999995,127.06111899999999
No.2364,No.2364_No.2363,Origin,3,37.52124,127.031898
No.2363,No.2364_No.2363,Destination,3,37.51918,127.02746599999999
No.2305,No.2305_No.2363,Origin,3,37.520641,127.034508
No.2363,No.2305_No.2363,Destination,3,37.51918,127.02746599999999
No.257,No.257_No.214,Origin,3,37.513844,126.919357
No.214,No.257_No.214,Destination,3,37.523022,126.920837
No.207,No.207_No.214,Origin,5,37.526989,126.932098
No.214,No.207_No.214,Destination,5,37.523022,126.920837
No.2294,No.2294_No.2368,Origin,4,37.475906,127.04624199999999
No.2368,No.2294_No.2368,Destination,4,37.489342,127.041298
No.3530,No.3530_No.3531,Origin,6,37.560146,127.02636000000001
No.3531,No.3530_No.3531,Destination,6,37.554778999999996,127.024841
No.102,No.102_No.107,Origin,1,37.556,126.910454
No.107,No.102_No.107,Destination,1,37.55751,126.918503
No.183,No.183_No.107,Origin,1,37.565166,126.919395
No.107,No.183_No.107,Destination,1,37.55751,126.918503
No.3530,No.3530_No.3527,Origin,3,37.560146,127.02636000000001
No.3527,No.3530_No.3527,Destination,3,37.56179,127.024391
No.540,No.540_No.3524,Origin,2,37.55603,127.078644
No.3524,No.540_No.3524,Destination,2,37.550236,127.07382199999999
No.3518,No.3518_No.3524,Origin,1,37.556862,127.07914
No.3524,No.3518_No.3524,Destination,1,37.550236,127.07382199999999
No.573,No.573_No.3524,Origin,3,37.545231,127.084732
No.3524,No.573_No.3524,Destination,3,37.550236,127.07382199999999
No.3542,No.3542_No.3521,Origin,4,37.54504,127.08995800000001
No.3521,No.3542_No.3521,Destination,4,37.543427,127.09661899999999
No.116,No.116_No.114,Origin,3,37.564541,126.927071
No.114,No.116_No.114,Destination,3,37.55706,126.924423
No.139,No.139_No.114,Origin,2,37.559795,126.93447900000001
No.114,No.139_No.114,Destination,2,37.55706,126.924423
No.150,No.150_No.114,Origin,1,37.552956,126.93434099999999
No.114,No.150_No.114,Destination,1,37.55706,126.924423
No.1165,No.1165_No.2701,Origin,6,37.568447,126.821648
No.2701,No.1165_No.2701,Destination,6,37.565201,126.827316
No.134,No.134_No.128,Origin,4,37.557891999999995,126.93808
No.128,No.134_No.128,Destination,4,37.555496000000005,126.93633999999999
No.150,No.150_No.128,Origin,3,37.552956,126.93434099999999
No.128,No.150_No.128,Destination,3,37.555496000000005,126.93633999999999
No.124,No.124_No.128,Origin,1,37.551140000000004,126.93698899999998
No.128,No.124_No.128,Destination,1,37.555496000000005,126.93633999999999
No.1267,No.1267_No.2616,Origin,4,37.51424,127.12307
No.2616,No.1267_No.2616,Destination,4,37.496078000000004,127.140106
No.124,No.124_No.130,Origin,4,37.551140000000004,126.93698899999998
No.130,No.124_No.130,Destination,4,37.554859,126.93615700000001
No.1019,No.1019_No.2609,Origin,4,37.526825,127.130028
No.2609,No.1019_No.2609,Destination,4,37.520489000000005,127.135201
No.136,No.136_No.137,Origin,4,37.556003999999994,126.942299
No.137,No.136_No.137,Destination,4,37.556812,126.943184
No.1226,No.1226_No.2608,Origin,5,37.520077,127.112366
No.2608,No.1226_No.2608,Destination,5,37.514359000000006,127.10619399999999
No.2621,No.2621_No.2608,Origin,1,37.516659000000004,127.116257
No.2608,No.2621_No.2608,Destination,1,37.514359000000006,127.10619399999999
No.1248,No.1248_No.2607,Origin,6,37.513962,127.121674
No.2607,No.1248_No.2607,Destination,6,37.47065,127.127113
No.3100,No.3100_No.159,Origin,2,37.557629,126.952156
No.159,No.3100_No.159,Destination,2,37.556953,126.94634199999999
No.1267,No.1267_No.2606,Origin,2,37.51424,127.12307
No.2606,No.1267_No.2606,Destination,2,37.481739000000005,127.143227
No.1248,No.1248_No.2606,Origin,1,37.513962,127.121674
No.2606,No.1248_No.2606,Destination,1,37.481739000000005,127.143227
No.2621,No.2621_No.2606,Origin,1,37.516659000000004,127.116257
No.2606,No.2621_No.2606,Destination,1,37.481739000000005,127.143227
No.2381,No.2381_No.2410,Origin,3,37.506367,127.034523
No.2410,No.2381_No.2410,Destination,3,37.499598999999996,127.033752
No.2268,No.2268_No.2410,Origin,1,37.502319,127.02226999999999
No.2410,No.2268_No.2410,Destination,1,37.499598999999996,127.033752
No.417,No.417_No.194,Origin,4,37.575069,126.899918
No.194,No.417_No.194,Destination,4,37.577315999999996,126.902969
No.2359,No.2359_No.2392,Origin,2,37.475605,127.050377
No.2392,No.2359_No.2392,Destination,2,37.474579,127.05545
No.2393,No.2393_No.2392,Origin,4,37.472,127.05133799999999
No.2392,No.2393_No.2392,Destination,4,37.474579,127.05545
No.2403,No.2403_No.2387,Origin,2,37.48872,127.07453899999999
No.2387,No.2403_No.2387,Destination,2,37.472454,127.09607700000001
No.2342,No.2342_No.2387,Origin,2,37.494007,127.07951399999999
No.2387,No.2342_No.2387,Destination,2,37.472454,127.09607700000001
No.2342,No.2342_No.2384,Origin,4,37.494007,127.07951399999999
No.2384,No.2342_No.2384,Destination,4,37.476028,127.105942
No.207,No.207_No.209,Origin,4,37.526989,126.932098
No.209,No.207_No.209,Destination,4,37.524612,126.927834
No.2337,No.2337_No.2370,Origin,7,37.492077,127.071976
No.2370,No.2337_No.2370,Destination,7,37.496552,127.054298
No.1249,No.1249_No.2370,Origin,1,37.505463,127.077347
No.2370,No.1249_No.2370,Destination,1,37.496552,127.054298
No.171,No.171_No.300,Origin,2,37.562134,126.969254
No.300,No.171_No.300,Destination,2,37.56805,126.96923100000001
No.2255,No.2255_No.2242,Origin,8,37.47044,127.03885700000001
No.2242,No.2255_No.2242,Destination,8,37.483990000000006,127.03418
No.2104,No.2104_No.2281,Origin,2,37.476089,126.98133100000001
No.2281,No.2104_No.2281,Destination,2,37.475978999999995,126.986282
No.2621,No.2621_No.1227,Origin,4,37.516659000000004,127.116257
No.1227,No.2621_No.1227,Destination,4,37.493126000000004,127.143822
No.329,No.329_No.454,Origin,3,37.568344,126.98789199999999
No.454,No.329_No.454,Destination,3,37.570358,126.986382
No.327,No.327_No.454,Origin,2,37.573357,126.98746499999999
No.454,No.327_No.454,Destination,2,37.570358,126.986382
No.2143,No.2143_No.2178,Origin,3,37.470695,126.9422
No.2178,No.2143_No.2178,Destination,3,37.46682,126.948807
No.2139,No.2139_No.2178,Origin,3,37.471165,126.93701899999999
No.2178,No.2139_No.2178,Destination,3,37.46682,126.948807
No.2103,No.2103_No.2136,Origin,3,37.489178,126.919273
No.2136,No.2103_No.2136,Destination,3,37.484577,126.92991599999999
No.2103,No.2103_No.2175,Origin,1,37.489178,126.919273
No.2175,No.2103_No.2175,Destination,1,37.487301,126.928703
No.2067,No.2067_No.2175,Origin,3,37.497669,126.919868
No.2175,No.2067_No.2175,Destination,3,37.487301,126.928703
No.123,No.123_No.447,Origin,4,37.59433,126.94738799999999
No.447,No.123_No.447,Destination,4,37.603992,126.961945
No.430,No.430_No.381,Origin,3,37.562172,127.00626399999999
No.381,No.430_No.381,Destination,3,37.558533000000004,127.00698899999999
No.382,No.382_No.381,Origin,1,37.555199,127.010048
No.381,No.382_No.381,Destination,1,37.558533000000004,127.00698899999999
No.3100,No.3100_No.436,Origin,1,37.557629,126.952156
No.436,No.3100_No.436,Destination,1,37.556591,126.94618999999999
No.140,No.140_No.436,Origin,3,37.560009,126.940735
No.436,No.140_No.436,Destination,3,37.556591,126.94618999999999
No.2067,No.2067_No.2173,Origin,3,37.497669,126.919868
No.2173,No.2067_No.2173,Destination,3,37.48975,126.927467
No.251,No.251_No.2173,Origin,1,37.504494,126.921951
No.2173,No.251_No.2173,Destination,1,37.48975,126.927467
No.2119,No.2119_No.2172,Origin,5,37.484257,126.954697
No.2172,No.2119_No.2172,Destination,5,37.469406,126.944511
No.2106,No.2106_No.2172,Origin,3,37.473728,126.91840400000001
No.2172,No.2106_No.2172,Destination,3,37.469406,126.944511
No.407,No.407_No.408,Origin,3,37.580631,126.883675
No.408,No.407_No.408,Destination,3,37.580811,126.88665
No.411,No.411_No.408,Origin,4,37.577995,126.891472
No.408,No.411_No.408,Destination,4,37.580811,126.88665
No.406,No.406_No.408,Origin,1,37.581314,126.88058500000001
No.408,No.406_No.408,Destination,1,37.580811,126.88665
No.2106,No.2106_No.2141,Origin,1,37.473728,126.91840400000001
No.2141,No.2106_No.2141,Destination,1,37.472294,126.933411
No.1836,No.1836_No.2141,Origin,3,37.467403000000004,126.908142
No.2141,No.1836_No.2141,Destination,3,37.472294,126.933411
No.458,No.458_No.308,Origin,8,37.569939,126.977539
No.308,No.458_No.308,Destination,8,37.569969,126.97393799999999
No.2156,No.2156_No.2164,Origin,1,37.480721,126.909325
No.2164,No.2156_No.2164,Destination,1,37.484768,126.932877
No.251,No.251_No.2164,Origin,2,37.504494,126.921951
No.2164,No.251_No.2164,Destination,2,37.484768,126.932877
No.1842,No.1842_No.2144,Origin,6,37.462574,126.90686000000001
No.2144,No.1842_No.2144,Destination,6,37.477776,126.916756
No.428,No.428_No.398,Origin,3,37.5644,126.991432
No.398,No.428_No.398,Destination,3,37.566559000000005,126.99243899999999
No.3505,No.3505_No.508,Origin,1,37.535221,127.068398
No.508,No.3505_No.508,Destination,1,37.545165999999995,127.05751000000001
No.526,No.526_No.508,Origin,3,37.563511,127.056725
No.508,No.526_No.508,Destination,3,37.545165999999995,127.05751000000001
No.251,No.251_No.2135,Origin,1,37.504494,126.921951
No.2135,No.251_No.2135,Destination,1,37.484409,126.928909
No.235,No.235_No.2135,Origin,1,37.504566,126.910233
No.2135,No.235_No.2135,Destination,1,37.484409,126.928909
No.286,No.286_No.2135,Origin,1,37.494572,126.89975
No.2135,No.286_No.2135,Destination,1,37.484409,126.928909
No.2032,No.2032_No.2068,Origin,3,37.485508,126.98162099999999
No.2068,No.2032_No.2068,Destination,3,37.488159,126.966476
No.2033,No.2033_No.2068,Origin,1,37.481491,126.981583
No.2068,No.2033_No.2068,Destination,1,37.488159,126.966476
No.331,No.331_No.322,Origin,3,37.566383,126.987206
No.322,No.331_No.322,Destination,3,37.564476,126.98696899999999
No.310,No.310_No.322,Origin,2,37.568878000000005,126.97747
No.322,No.310_No.322,Destination,2,37.564476,126.98696899999999
No.327,No.327_No.322,Origin,1,37.573357,126.98746499999999
No.322,No.327_No.322,Destination,1,37.564476,126.98696899999999
No.2027,No.2027_No.2064,Origin,4,37.507042,126.959152
No.2064,No.2027_No.2064,Destination,4,37.505356,126.966179
No.2268,No.2268_No.2211,Origin,2,37.502319,127.02226999999999
No.2211,No.2268_No.2211,Destination,2,37.502635999999995,127.01231399999999
No.2217,No.2217_No.2211,Origin,2,37.513046,127.005959
No.2211,No.2217_No.2211,Destination,2,37.502635999999995,127.01231399999999
No.345,No.345_No.338,Origin,5,37.573307,127.00071000000001
No.338,No.345_No.338,Destination,5,37.570957,126.997124
No.359,No.359_No.338,Origin,2,37.576060999999996,126.997681
No.338,No.359_No.338,Destination,2,37.570957,126.997124
No.533,No.533_No.524,Origin,4,37.548149,127.02108799999999
No.524,No.533_No.524,Destination,4,37.5522,127.02505500000001
No.2027,No.2027_No.2184,Origin,1,37.507042,126.959152
No.2184,No.2027_No.2184,Destination,1,37.489490999999994,126.945923
No.2002,No.2002_No.2184,Origin,3,37.512959,126.952072
No.2184,No.2002_No.2184,Destination,3,37.489490999999994,126.945923
No.286,No.286_No.2180,Origin,2,37.494572,126.89975
No.2180,No.286_No.2180,Destination,2,37.487511,126.92778799999999
No.2063,No.2063_No.2180,Origin,2,37.512901,126.92661299999999
No.2180,No.2063_No.2180,Destination,2,37.487511,126.92778799999999
No.2270,No.2270_No.2203,Origin,5,37.448966999999996,127.05773899999998
No.2203,No.2270_No.2203,Destination,5,37.447659,127.055016
No.2286,No.2286_No.2203,Origin,3,37.458549,127.055885
No.2203,No.2286_No.2203,Destination,3,37.447659,127.055016
No.289,No.289_No.1974,Origin,3,37.499809,126.898003
No.1974,No.289_No.1974,Destination,3,37.505179999999996,126.88253799999998
No.2033,No.2033_No.2111,Origin,2,37.481491,126.981583
No.2111,No.2033_No.2111,Destination,2,37.480869,126.95331599999999
No.2104,No.2104_No.2111,Origin,1,37.476089,126.98133100000001
No.2111,No.2104_No.2111,Destination,1,37.480869,126.95331599999999
No.760,No.760_No.1967,Origin,3,37.506821,126.84429899999999
No.1967,No.760_No.1967,Destination,3,37.505138,126.84433700000001
No.1937,No.1937_No.1964,Origin,3,37.486061,126.85201299999999
No.1964,No.1937_No.1964,Destination,3,37.497890000000005,126.864502
No.2621,No.2621_No.1230,Origin,1,37.516659000000004,127.116257
No.1230,No.2621_No.1230,Destination,1,37.495670000000004,127.130592
No.1221,No.1221_No.1230,Origin,2,37.5042,127.08753200000001
No.1230,No.1221_No.1230,Destination,2,37.495670000000004,127.130592
No.1221,No.1221_No.2377,Origin,2,37.5042,127.08753200000001
No.2377,No.1221_No.2377,Destination,2,37.486835,127.102753
No.2618,No.2618_No.2377,Origin,1,37.504711,127.08756299999999
No.2377,No.2618_No.2377,Destination,1,37.486835,127.102753
No.2352,No.2352_No.2407,Origin,3,37.517590000000006,127.035027
No.2407,No.2352_No.2407,Destination,3,37.498470000000005,127.03011299999999
No.2036,No.2036_No.2062,Origin,3,37.494704999999996,126.98239099999999
No.2062,No.2036_No.2062,Destination,3,37.486652,126.96784199999999
No.1914,No.1914_No.1976,Origin,1,37.494591,126.89392099999999
No.1976,No.1914_No.1976,Destination,1,37.48568,126.886703
No.289,No.289_No.1976,Origin,1,37.499809,126.898003
No.1976,No.289_No.1976,Destination,1,37.48568,126.886703
No.1804,No.1804_No.1976,Origin,1,37.46653,126.888718
No.1976,No.1804_No.1976,Destination,1,37.48568,126.886703
No.2618,No.2618_No.2603,Origin,3,37.504711,127.08756299999999
No.2603,No.2618_No.2603,Destination,3,37.480801,127.13034099999999
No.2007,No.2007_No.2137,Origin,3,37.512939,126.934242
No.2137,No.2007_No.2137,Destination,3,37.484901,126.936531
No.519,No.519_No.3513,Origin,3,37.566994,127.02991499999999
No.3513,No.519_No.3513,Destination,3,37.564609999999995,127.029198
No.2036,No.2036_No.2071,Origin,3,37.494704999999996,126.98239099999999
No.626,No.626_No.3508,Origin,3,37.561153000000004,127.07096899999999
No.3508,No.626_No.3508,Destination,3,37.548221999999996,127.067879
No.2618,No.2618_No.1245,Origin,3,37.504711,127.08756299999999
No.1245,No.2618_No.1245,Destination,3,37.479465000000005,127.125328
No.2289,No.2289_No.2129,Origin,3,37.464298,126.988525
No.2129,No.2289_No.2129,Destination,3,37.469055,126.958145
No.2604,No.2604_No.1278,Origin,3,37.531310999999995,127.111282
No.1278,No.2604_No.1278,Destination,3,37.515831,127.106796
No.2063,No.2063_No.2009,Origin,3,37.512901,126.92661299999999
No.2009,No.2063_No.2009,Destination,3,37.500076,126.92108200000001
No.1833,No.1833_No.2113,Origin,3,37.466541,126.89028200000001
No.2113,No.1833_No.2113,Destination,3,37.484660999999996,126.9039
No.1165,No.1165_No.2702,Origin,3,37.568447,126.821648
No.2702,No.1165_No.2702,Destination,3,37.569179999999996,126.81944299999999
No.1114,No.1114_No.2702,Origin,3,37.572781,126.826279
No.2702,No.1114_No.2702,Destination,3,37.569179999999996,126.81944299999999
No.2220,No.2220_No.2037,Origin,2,37.500614,126.98616000000001
No.2037,No.2220_No.2037,Destination,2,37.503189,126.97715
No.2036,No.2036_No.2037,Origin,1,37.494704999999996,126.98239099999999
No.2037,No.2036_No.2037,Destination,1,37.503189,126.97715
No.2265,No.2265_No.2037,Origin,3,37.494106,126.98299399999999
No.2037,No.2265_No.2037,Destination,3,37.503189,126.97715
No.1235,No.1235_No.1296,Origin,3,37.508339,127.08814199999999
No.1296,No.1235_No.1296,Destination,3,37.508678,127.10343200000001
No.2255,No.2255_No.2241,Origin,3,37.47044,127.03885700000001
No.2241,No.2255_No.2241,Destination,3,37.485378000000004,127.041702
No.231,No.231_No.1958,Origin,3,37.524506,126.891823
No.1958,No.231_No.1958,Destination,3,37.495781,126.890121
No.1688,No.1688_No.1666,Origin,2,37.665661,127.05729699999999
No.1666,No.1688_No.1666,Destination,2,37.655781,127.071777
No.1702,No.1702_No.1666,Origin,1,37.646172,127.05056
No.1666,No.1702_No.1666,Destination,1,37.655781,127.071777
No.2214,No.2214_No.2239,Origin,3,37.504115999999996,126.99748999999998
No.2239,No.2214_No.2239,Destination,3,37.494217,127.01378600000001
No.2277,No.2277_No.2212,Origin,6,37.51487,127.01528200000001
No.2212,No.2277_No.2212,Destination,6,37.500961,127.01792900000001
No.2262,No.2262_No.2269,Origin,3,37.516597999999995,127.00958999999999
No.2269,No.2262_No.2269,Destination,3,37.510349,127.016052
No.1702,No.1702_No.1659,Origin,3,37.646172,127.05056
No.1659,No.1702_No.1659,Destination,3,37.65033,127.071602
No.1708,No.1708_No.1714,Origin,2,37.65683,127.03984799999999
No.1714,No.1708_No.1714,Destination,2,37.64463,127.04460900000001
No.1726,No.1726_No.1714,Origin,1,37.658588,127.03521
No.1714,No.1726_No.1714,Destination,1,37.64463,127.04460900000001
No.2214,No.2214_No.2279,Origin,3,37.504115999999996,126.99748999999998
No.2279,No.2214_No.2279,Destination,3,37.493618,127.014183
No.1628,No.1628_No.1625,Origin,4,37.673618,127.055252
No.1625,No.1628_No.1625,Destination,4,37.66,127.07296799999999
No.1719,No.1719_No.1625,Origin,1,37.673283000000005,127.04399099999999
No.1625,No.1719_No.1625,Destination,1,37.66,127.07296799999999
No.1726,No.1726_No.1625,Origin,1,37.658588,127.03521
No.1625,No.1726_No.1625,Destination,1,37.66,127.07296799999999
No.1640,No.1640_No.1620,Origin,3,37.623863,127.06848899999999
No.1620,No.1640_No.1620,Destination,3,37.648209,127.07022099999999
No.1640,No.1640_No.1606,Origin,3,37.623863,127.06848899999999
No.1606,No.1640_No.1606,Destination,3,37.619171,127.074928
No.1348,No.1348_No.1546,Origin,3,37.604752000000005,127.02275800000001
No.1546,No.1348_No.1546,Destination,3,37.615459,127.029701
No.2352,No.2352_No.2302,Origin,3,37.517590000000006,127.035027
No.2302,No.2352_No.2302,Destination,3,37.505581,127.024277
No.1824,No.1824_No.1805,Origin,3,37.46455,126.883728
No.1805,No.1824_No.1805,Destination,3,37.482288,126.877769
No.2002,No.2002_No.2179,Origin,3,37.512959,126.952072
No.2179,No.2002_No.2179,Destination,3,37.482189,126.94615900000001
No.1249,No.1249_No.2372,Origin,3,37.505463,127.077347
No.2372,No.1249_No.2372,Destination,3,37.494499,127.063797
No.1822,No.1822_No.1820,Origin,3,37.452991,126.90090900000001
No.1820,No.1822_No.1820,Destination,3,37.44334,126.90335800000001
No.1539,No.1539_No.1520,Origin,3,37.649673,127.013451
No.1520,No.1539_No.1520,Destination,3,37.639862,127.02278899999999
No.1822,No.1822_No.1821,Origin,3,37.452991,126.90090900000001
No.1821,No.1822_No.1821,Destination,3,37.451458,126.902115
No.1447,No.1447_No.1457,Origin,2,37.588902000000004,127.08728
No.1457,No.1447_No.1457,Destination,2,37.58976,127.09323899999998
No.1445,No.1445_No.1457,Origin,1,37.579941,127.079399
No.1457,No.1445_No.1457,Destination,1,37.58976,127.09323899999998
No.1444,No.1444_No.1427,Origin,1,37.5742,127.08061200000002
No.1427,No.1444_No.1427,Destination,1,37.574298999999996,127.086914
No.1445,No.1445_No.1427,Origin,2,37.579941,127.079399
No.1427,No.1445_No.1427,Destination,2,37.574298999999996,127.086914
No.1824,No.1824_No.1840,Origin,6,37.46455,126.883728
No.1840,No.1824_No.1840,Destination,6,37.475101,126.88806899999999
No.1445,No.1445_No.1411,Origin,2,37.579941,127.079399
No.1411,No.1445_No.1411,Destination,2,37.592541,127.086739
No.1430,No.1430_No.1411,Origin,1,37.606152,127.092598
No.1411,No.1430_No.1411,Destination,1,37.592541,127.086739
No.1819,No.1819_No.1858,Origin,3,37.456478000000004,126.895927
No.1858,No.1819_No.1858,Destination,3,37.437271,126.90268700000001
No.2007,No.2007_No.2174,Origin,2,37.512939,126.934242
No.2174,No.2007_No.2174,Destination,2,37.488564000000004,126.928482
No.222,No.222_No.2174,Origin,1,37.520271,126.93888100000001
No.2174,No.222_No.2174,Destination,1,37.488564000000004,126.928482
No.2258,No.2258_No.2350,Origin,3,37.471539,127.050591
No.2350,No.2258_No.2350,Destination,3,37.494823,127.047905
No.231,No.231_No.1916,Origin,3,37.524506,126.891823
No.1916,No.231_No.1916,Destination,3,37.494141,126.88998400000001
No.2301,No.2301_No.2362,Origin,3,37.524071,127.02179
No.2362,No.2301_No.2362,Destination,3,37.517635,127.022453
No.1603,No.1603_No.1359,Origin,2,37.624859,127.05013999999998
No.1359,No.1603_No.1359,Destination,2,37.619801,127.045097
No.1327,No.1327_No.1359,Origin,4,37.607341999999996,127.05068200000001
No.1359,No.1327_No.1359,Destination,4,37.619801,127.045097
No.1332,No.1332_No.1349,Origin,3,37.613556,127.066093
No.1349,No.1332_No.1349,Destination,3,37.623829,127.050201
No.1305,No.1305_No.1337,Origin,3,37.589329,127.016434
No.1337,No.1305_No.1337,Destination,3,37.590382,127.01713600000001
No.1249,No.1249_No.2325,Origin,1,37.505463,127.077347
No.2325,No.1249_No.2325,Destination,1,37.49865,127.05931899999999
No.1224,No.1224_No.2325,Origin,2,37.512169,127.078934
No.2325,No.1224_No.2325,Destination,2,37.49865,127.05931899999999
No.2289,No.2289_No.2165,Origin,3,37.464298,126.988525
No.2165,No.2289_No.2165,Destination,3,37.476482,126.96536299999998
No.1327,No.1327_No.1334,Origin,2,37.607341999999996,127.05068200000001
No.1334,No.1327_No.1334,Destination,2,37.612999,127.06131
No.647,No.647_No.1334,Origin,1,37.602798,127.067268
No.1334,No.647_No.1334,Destination,1,37.612999,127.06131
No.950,No.950_No.932,Origin,2,37.610779,126.917351
No.932,No.950_No.932,Destination,2,37.610003999999996,126.916397
No.933,No.933_No.932,Origin,1,37.612484,126.914879
No.932,No.933_No.932,Destination,1,37.610003999999996,126.916397
No.207,No.207_No.270,Origin,3,37.526989,126.932098
No.270,No.207_No.270,Destination,3,37.522343,126.92710100000001
No.227,No.227_No.1115,Origin,3,37.544666,126.88835900000001
No.1115,No.227_No.1115,Destination,3,37.551666,126.86408999999999
No.207,No.207_No.271,Origin,3,37.526989,126.932098
No.271,No.207_No.271,Destination,3,37.518963,126.92161599999999
No.1103,No.1103_No.1102,Origin,3,37.577221,126.81219499999999
No.1102,No.1103_No.1102,Destination,3,37.573643,126.811806
No.293,No.293_No.277,Origin,3,37.529171000000005,126.907578
No.277,No.293_No.277,Destination,3,37.520119,126.90516699999999
No.1846,No.1846_No.282,Origin,3,37.460171,126.896042
No.282,No.1846_No.282,Destination,3,37.48753,126.904877
No.391,No.391_No.324,Origin,3,37.565437,126.97330500000001
No.324,No.391_No.324,Destination,3,37.56134,126.9804
No.1004,No.1004_No.1042,Origin,3,37.553349,127.12886
No.1042,No.1004_No.1042,Destination,3,37.568562,127.177002
No.382,No.382_No.371,Origin,3,37.555199,127.010048
No.371,No.382_No.371,Destination,3,37.558871999999994,127.00553899999998
No.964,No.964_No.922,Origin,3,37.616112,126.925041
No.922,No.964_No.922,Destination,3,37.617802000000005,126.921967
No.154,No.154_No.432,Origin,3,37.560909,126.905495
No.432,No.154_No.432,Destination,3,37.563339,126.908203
No.123,No.123_No.446,Origin,3,37.59433,126.94738799999999
No.446,No.123_No.446,Destination,3,37.600128000000005,126.95783200000001
No.519,No.519_No.520,Origin,3,37.566994,127.02991499999999
No.520,No.519_No.520,Destination,3,37.563858,127.03031899999999
No.626,No.626_No.563,Origin,1,37.561153000000004,127.07096899999999
No.563,No.626_No.563,Destination,1,37.547913,127.062752
No.526,No.526_No.563,Origin,2,37.563511,127.056725
No.563,No.526_No.563,Destination,2,37.547913,127.062752
No.3517,No.3517_No.572,Origin,1,37.562527,127.082275
No.572,No.3517_No.572,Destination,1,37.56538,127.08651
No.3535,No.3535_No.572,Origin,5,37.559158000000004,127.08751699999999
No.572,No.3535_No.572,Destination,5,37.56538,127.08651
No.1017,No.1017_No.1016,Origin,3,37.535472999999996,127.145172
No.1016,No.1017_No.1016,Destination,3,37.559399,127.171158
No.638,No.638_No.600,Origin,3,37.583008,127.060974
No.600,No.638_No.600,Destination,3,37.589912,127.06868
No.1146,No.1146_No.714,Origin,1,37.530338,126.83825700000001
No.714,No.1146_No.714,Destination,1,37.532546999999994,126.830803
No.1145,No.1145_No.714,Origin,2,37.528919,126.848083
No.714,No.1145_No.714,Destination,2,37.532546999999994,126.830803
No.704,No.704_No.722,Origin,1,37.523254,126.864906
No.722,No.704_No.722,Destination,1,37.521435,126.85738400000001
No.719,No.719_No.722,Origin,2,37.530369,126.864258
No.722,No.719_No.722,Destination,2,37.521435,126.85738400000001
No.720,No.720_No.736,Origin,2,37.516197,126.8349
No.736,No.720_No.736,Destination,2,37.52219,126.8367
No.750,No.750_No.736,Origin,1,37.512157,126.835625
No.736,No.750_No.736,Destination,1,37.52219,126.8367
No.227,No.227_No.749,Origin,3,37.544666,126.88835900000001
No.749,No.227_No.749,Destination,3,37.537228000000006,126.88661200000001
No.719,No.719_No.752,Origin,1,37.530369,126.864258
No.752,No.719_No.752,Destination,1,37.542183,126.863304
No.1145,No.1145_No.752,Origin,2,37.528919,126.848083
No.752,No.1145_No.752,Destination,2,37.542183,126.863304
No.1004,No.1004_No.1003,Origin,3,37.553349,127.12886
No.1003,No.1004_No.1003,Destination,3,37.543915000000005,127.12545800000001
No.2611,No.2611_No.1003,Origin,3,37.536331,127.11618
No.1003,No.2611_No.1003,Destination,3,37.543915000000005,127.12545800000001
No.290,No.290_No.267,Origin,3,37.531509,126.897827
No.267,No.290_No.267,Destination,3,37.535961,126.8983
No.245,No.245_No.266,Origin,3,37.528263,126.896629
No.266,No.245_No.266,Destination,3,37.520294,126.901192
No.380,No.380_No.336,Origin,2,37.563866,127.002747
No.336,No.380_No.336,Destination,2,37.562618,126.99283600000001
No.327,No.327_No.336,Origin,1,37.573357,126.98746499999999
No.336,No.327_No.336,Destination,1,37.562618,126.99283600000001
No.1114,No.1114_No.1163,Origin,1,37.572781,126.826279
No.1163,No.1114_No.1163,Destination,1,37.570499,126.82008400000001
No.1162,No.1162_No.1163,Origin,2,37.562678999999996,126.82047299999999
No.1163,No.1162_No.1163,Destination,2,37.570499,126.82008400000001
No.1145,No.1145_No.1132,Origin,1,37.528919,126.848083
No.1132,No.1145_No.1132,Destination,1,37.551109000000004,126.863708
No.152,No.152_No.1132,Origin,2,37.55661,126.898018
No.1132,No.152_No.1132,Destination,2,37.551109000000004,126.863708
No.222,No.222_No.215,Origin,3,37.520271,126.93888100000001
No.215,No.222_No.215,Destination,3,37.524837,126.93490600000001
No.184,No.184_No.108,Origin,3,37.558949,126.907753
No.108,No.184_No.108,Destination,3,37.552746,126.918617
No.1048,No.1048_No.1204,Origin,3,37.531013,127.14236499999998
No.1204,No.1048_No.1204,Destination,3,37.493342999999996,127.14473000000001
No.293,No.293_No.200,Origin,2,37.529171000000005,126.907578
No.200,No.293_No.200,Destination,2,37.528728,126.914925
No.260,No.260_No.200,Origin,4,37.533817,126.91249099999999
No.200,No.260_No.200,Destination,4,37.528728,126.914925
No.3102,No.3102_No.196,Origin,3,37.567966,126.931725
No.196,No.3102_No.196,Destination,3,37.56612,126.925896
No.165,No.165_No.164,Origin,3,37.575138,126.91394
No.164,No.165_No.164,Destination,3,37.574478000000006,126.910049
No.1200,No.1200_No.1178,Origin,3,37.578449,126.798973
No.1178,No.1200_No.1178,Destination,3,37.572472,126.806168
No.118,No.118_No.112,Origin,3,37.547733,126.93176299999999
No.112,No.118_No.112,Destination,3,37.549202,126.923203
No.1348,No.1348_No.1501,Origin,2,37.604752000000005,127.02275800000001
No.1501,No.1348_No.1501,Destination,2,37.62608,127.026482
No.900,No.900_No.917,Origin,2,37.603943,126.927696
No.917,No.900_No.917,Destination,2,37.601299,126.935349
No.2509,No.2509_No.2502,Origin,2,37.498371,126.99246200000002
No.2502,No.2509_No.2502,Destination,2,37.491951,127.008553
No.1734,No.1734_No.1669,Origin,2,37.65815,127.032669
No.1669,No.1734_No.1669,Destination,2,37.643757,127.06498700000002
No.1162,No.1162_No.1191,Origin,2,37.562678999999996,126.82047299999999
No.1191,No.1162_No.1191,Destination,2,37.560241999999995,126.827164
No.2288,No.2288_No.2207,Origin,2,37.455608000000005,127.064453
No.2207,No.2288_No.2207,Destination,2,37.454407,127.064926
No.1162,No.1162_No.1174,Origin,1,37.562678999999996,126.82047299999999
No.1174,No.1162_No.1174,Destination,1,37.556599,126.85147099999999
No.1187,No.1187_No.1174,Origin,1,37.553020000000004,126.818367
No.1174,No.1187_No.1174,Destination,1,37.556599,126.85147099999999
No.140,No.140_No.162,Origin,4,37.560009,126.940735
No.162,No.140_No.162,Destination,4,37.565269,126.946243
No.703,No.703_No.716,Origin,4,37.524063,126.87558
No.716,No.703_No.716,Destination,4,37.517281,126.86433400000001
No.1734,No.1734_No.1741,Origin,4,37.65815,127.032669
No.1741,No.1734_No.1741,Destination,4,37.645199,127.032982
No.1729,No.1729_No.1662,Origin,4,37.68401,127.04579199999999
No.1662,No.1729_No.1662,Destination,4,37.654114,127.059151
No.930,No.930_No.913,Origin,2,37.601662,126.920303
No.913,No.930_No.913,Destination,2,37.6007,126.920128
No.958,No.958_No.913,Origin,2,37.600361,126.92281299999999
No.913,No.958_No.913,Destination,2,37.6007,126.920128
No.1539,No.1539_No.1709,Origin,3,37.649673,127.013451
No.1709,No.1539_No.1709,Destination,3,37.650127000000005,127.035347
No.1538,No.1538_No.1709,Origin,1,37.656158000000005,127.01313799999998
No.1709,No.1538_No.1709,Destination,1,37.650127000000005,127.035347
No.1187,No.1187_No.1193,Origin,4,37.553020000000004,126.818367
No.1193,No.1187_No.1193,Destination,4,37.559471,126.832077
No.1937,No.1937_No.1952,Origin,4,37.486061,126.85201299999999
No.1952,No.1937_No.1952,Destination,4,37.482105,126.845726
No.2618,No.2618_No.1217,Origin,1,37.504711,127.08756299999999
No.1217,No.2618_No.1217,Destination,1,37.479271000000004,127.12957800000001
No.1235,No.1235_No.1217,Origin,3,37.508339,127.08814199999999
No.1217,No.1235_No.1217,Destination,3,37.479271000000004,127.12957800000001
No.1729,No.1729_No.1673,Origin,2,37.68401,127.04579199999999
No.1673,No.1729_No.1673,Destination,2,37.653976,127.060974
No.1538,No.1538_No.1673,Origin,1,37.656158000000005,127.01313799999998
No.1673,No.1538_No.1673,Destination,1,37.653976,127.060974
No.1537,No.1537_No.1673,Origin,1,37.663666,127.012428
No.1673,No.1537_No.1673,Destination,1,37.653976,127.060974
No.1235,No.1235_No.2614,Origin,2,37.508339,127.08814199999999
No.2614,No.1235_No.2614,Destination,2,37.501862,127.11723300000001
No.1220,No.1220_No.2614,Origin,2,37.505691999999996,127.08403799999999
No.2614,No.1220_No.2614,Destination,2,37.501862,127.11723300000001
No.573,No.573_No.578,Origin,2,37.545231,127.084732
No.578,No.573_No.578,Destination,2,37.548286,127.06208799999999
No.967,No.967_No.925,Origin,2,37.608909999999995,126.932419
No.925,No.967_No.925,Destination,2,37.609566,126.930977
No.152,No.152_No.1169,Origin,2,37.55661,126.898018
No.1169,No.152_No.1169,Destination,2,37.547199,126.87448899999998
No.1220,No.1220_No.2322,Origin,3,37.505691999999996,127.08403799999999
No.2322,No.1220_No.2322,Destination,3,37.508091,127.063103
No.1222,No.1222_No.2322,Origin,1,37.511982,127.085052
No.2322,No.1222_No.2322,Destination,1,37.508091,127.063103
No.2365,No.2365_No.2380,Origin,4,37.5233,127.038475
No.2380,No.2365_No.2380,Destination,4,37.511696,127.049347
No.1022,No.1022_No.1283,Origin,2,37.533764,127.13803100000001
No.1283,No.1022_No.1283,Destination,2,37.505455,127.131752
No.2258,No.2258_No.2389,Origin,4,37.471539,127.050591
No.2389,No.2258_No.2389,Destination,4,37.48616,127.06723799999999
No.1022,No.1022_No.1271,Origin,4,37.533764,127.13803100000001
No.1271,No.1022_No.1271,Destination,4,37.499984999999995,127.135391
No.171,No.171_No.173,Origin,1,37.562134,126.969254
No.173,No.171_No.173,Destination,1,37.564777,126.966148
No.395,No.395_No.173,Origin,1,37.568855,126.964561
No.173,No.395_No.173,Destination,1,37.564777,126.966148
No.1047,No.1047_No.1060,Origin,2,37.536381,127.137253
No.1060,No.1047_No.1060,Destination,2,37.544659,127.13263700000002
No.964,No.964_No.961,Origin,2,37.616112,126.925041
No.961,No.964_No.961,Destination,2,37.61097,126.92981
No.1537,No.1537_No.1634,Origin,2,37.663666,127.012428
No.1634,No.1537_No.1634,Destination,2,37.669078999999996,127.077591
No.1413,No.1413_No.1634,Origin,2,37.617561,127.090309
No.1634,No.1413_No.1634,Destination,2,37.669078999999996,127.077591
No.406,No.406_No.405,Origin,2,37.581314,126.88058500000001
No.405,No.406_No.405,Destination,2,37.582657,126.88578799999999
No.945,No.945_No.924,Origin,4,37.63414,126.93234299999999
No.924,No.945_No.924,Destination,4,37.628516999999995,126.929581
No.2604,No.2604_No.1259,Origin,2,37.531310999999995,127.111282
No.1259,No.2604_No.1259,Destination,2,37.508984000000005,127.126595
No.1022,No.1022_No.1259,Origin,2,37.533764,127.13803100000001
No.1259,No.1022_No.1259,Destination,2,37.508984000000005,127.126595
No.1222,No.1222_No.1256,Origin,2,37.511982,127.085052
No.1256,No.1222_No.1256,Destination,2,37.491131,127.125809
No.1047,No.1047_No.1031,Origin,4,37.536381,127.137253
No.1031,No.1047_No.1031,Destination,4,37.555851000000004,127.129898
No.344,No.344_No.455,Origin,2,37.574036,127.006721
No.455,No.344_No.455,Destination,2,37.570961,127.00605800000001
No.504,No.504_No.501,Origin,3,37.53297,127.07593500000002
No.501,No.504_No.501,Destination,3,37.537308,127.070351
No.593,No.593_No.501,Origin,3,37.528587,127.077873
No.501,No.593_No.501,Destination,3,37.537308,127.070351
No.3520,No.3520_No.501,Origin,1,37.542519,127.084084
No.501,No.3520_No.501,Destination,1,37.537308,127.070351
No.515,No.515_No.501,Origin,1,37.530235,127.08683
No.501,No.515_No.501,Destination,1,37.537308,127.070351
No.1407,No.1407_No.1602,Origin,2,37.611511,127.07788799999999
No.1602,No.1407_No.1602,Destination,2,37.622662,127.061897
No.1428,No.1428_No.1602,Origin,2,37.616023999999996,127.085968
No.1602,No.1428_No.1602,Destination,2,37.622662,127.061897
No.2288,No.2288_No.2605,Origin,1,37.455608000000005,127.064453
No.2605,No.2288_No.2605,Destination,1,37.471298,127.12709
No.1222,No.1222_No.2605,Origin,2,37.511982,127.085052
No.2605,No.1222_No.2605,Destination,2,37.471298,127.12709
No.1022,No.1022_No.2605,Origin,1,37.533764,127.13803100000001
No.2605,No.1022_No.2605,Destination,1,37.471298,127.12709
No.3511,No.3511_No.512,Origin,2,37.55125,127.035103
No.512,No.3511_No.512,Destination,2,37.548561,127.045006
No.3525,No.3525_No.512,Origin,2,37.546089,127.02507
No.512,No.3525_No.512,Destination,2,37.548561,127.045006
No.3525,No.3525_No.3538,Origin,3,37.546089,127.02507
No.3538,No.3525_No.3538,Destination,3,37.550892,127.044762
No.199,No.199_No.419,Origin,5,37.566845,126.896446
No.419,No.199_No.419,Destination,5,37.56842,126.899429
No.1017,No.1017_No.1039,Origin,1,37.535472999999996,127.145172
No.1039,No.1017_No.1039,Destination,1,37.561279,127.167801
No.1845,No.1845_No.1859,Origin,4,37.460289,126.89218899999999
No.1846,No.1846_No.1859,Origin,1,37.460171,126.896042
No.152,No.152_No.700,Origin,5,37.55661,126.898018
No.700,No.152_No.700,Destination,5,37.546848,126.872772
No.222,No.222_No.2108,Origin,2,37.520271,126.93888100000001
No.2108,No.222_No.2108,Destination,2,37.483340999999996,126.94319899999999
No.2509,No.2509_No.2108,Origin,2,37.498371,126.99246200000002
No.2108,No.2509_No.2108,Destination,2,37.483340999999996,126.94319899999999
No.1846,No.1846_No.2108,Origin,1,37.460171,126.896042
No.2108,No.1846_No.2108,Destination,1,37.483340999999996,126.94319899999999
No.2307,No.2307_No.2316,Origin,4,37.528614000000005,127.038559
No.2316,No.2307_No.2316,Destination,4,37.509575,127.06340800000001
No.552,No.552_No.2316,Origin,1,37.536578999999996,127.092972
No.2316,No.552_No.2316,Destination,1,37.509575,127.06340800000001
No.1348,No.1348_No.1715,Origin,2,37.604752000000005,127.02275800000001
No.1715,No.1348_No.1715,Destination,2,37.653178999999994,127.01278700000002
No.1319,No.1319_No.1715,Origin,3,37.603043,127.033272
No.1715,No.1319_No.1715,Destination,3,37.653178999999994,127.01278700000002
No.359,No.359_No.397,Origin,2,37.576060999999996,126.997681
No.397,No.359_No.397,Destination,2,37.570479999999996,126.99663500000001
No.327,No.327_No.397,Origin,1,37.573357,126.98746499999999
No.397,No.327_No.397,Destination,1,37.570479999999996,126.99663500000001
No.659,No.659_No.614,Origin,5,37.57835,127.03338600000001
No.614,No.659_No.614,Destination,5,37.577686,127.03101299999999
No.1017,No.1017_No.1027,Origin,5,37.535472999999996,127.145172
No.1027,No.1017_No.1027,Destination,5,37.535999,127.147697
No.1017,No.1017_No.1032,Origin,1,37.535472999999996,127.145172
No.1032,No.1017_No.1032,Destination,1,37.556728,127.13620800000001
No.2611,No.2611_No.1032,Origin,1,37.536331,127.11618
No.1032,No.2611_No.1032,Destination,1,37.556728,127.13620800000001
No.544,No.544_No.1032,Origin,3,37.540729999999996,127.102905
No.1032,No.544_No.1032,Destination,3,37.556728,127.13620800000001
No.544,No.544_No.1009,Origin,4,37.540729999999996,127.102905
No.1009,No.544_No.1009,Destination,4,37.538658,127.124214
No.552,No.552_No.1009,Origin,1,37.536578999999996,127.092972
No.1009,No.552_No.1009,Destination,1,37.538658,127.124214
No.1187,No.1187_No.1182,Origin,1,37.553020000000004,126.818367
No.1182,No.1187_No.1182,Destination,1,37.556877,126.848808
No.1184,No.1184_No.1182,Origin,4,37.55645,126.815979
No.1182,No.1184_No.1182,Destination,4,37.556877,126.848808
No.1375,No.1375_No.1512,Origin,5,37.603909,127.037376
No.1512,No.1375_No.1512,Destination,5,37.644737,127.02656599999999
No.552,No.552_No.1243,Origin,4,37.536578999999996,127.092972
No.1243,No.552_No.1243,Destination,4,37.484531,127.12016299999999
No.3542,No.3542_No.1243,Origin,1,37.54504,127.08995800000001
No.1243,No.3542_No.1243,Destination,1,37.484531,127.12016299999999
No.1992,No.1999_No.1992,Destination,4,37.491797999999996,126.83242
No.232,No.232_No.262,Origin,2,37.52565,126.887817
No.262,No.232_No.262,Destination,2,37.519928,126.889183
No.123,No.123_No.3105,Origin,2,37.59433,126.94738799999999
No.3105,No.123_No.3105,Destination,2,37.597149,126.93853
No.290,No.290_No.268,Origin,1,37.531509,126.897827
No.268,No.290_No.268,Destination,1,37.534718,126.900002
No.2214,No.2214_No.2167,Origin,2,37.504115999999996,126.99748999999998
No.2167,No.2214_No.2167,Destination,2,37.476295,126.96495800000001
No.147,No.147_No.146,Origin,2,37.539272,126.94591499999999
No.146,No.147_No.146,Destination,2,37.539936,126.945824
No.304,No.304_No.368,Origin,2,37.572113,126.977577
No.368,No.304_No.368,Destination,2,37.569247999999995,126.98053700000001
No.2214,No.2214_No.2171,Origin,1,37.504115999999996,126.99748999999998
No.2171,No.2214_No.2171,Destination,1,37.481548,126.952003
No.844,No.844_No.2171,Origin,2,37.527149,126.95516200000002
No.2171,No.844_No.2171,Destination,2,37.481548,126.952003
No.152,No.152_No.1170,Origin,2,37.55661,126.898018
No.1170,No.152_No.1170,Destination,2,37.549178999999995,126.868797
No.962,No.962_No.905,Origin,2,37.639259,126.918907
No.905,No.962_No.905,Destination,2,37.636234,126.918999
No.3542,No.3542_No.574,Origin,3,37.54504,127.08995800000001
No.574,No.3542_No.574,Destination,3,37.551849,127.088982
No.643,No.643_No.574,Origin,5,37.566971,127.074417
No.574,No.643_No.574,Destination,5,37.551849,127.088982
No.844,No.844_No.221,Origin,2,37.527149,126.95516200000002
No.221,No.844_No.221,Destination,2,37.522675,126.93778999999999
No.2301,No.2301_No.2329,Origin,2,37.524071,127.02179
No.2329,No.2301_No.2329,Destination,2,37.502357,127.04319
No.245,No.245_No.233,Origin,2,37.528263,126.896629
No.233,No.245_No.233,Destination,2,37.528488,126.89164699999999
No.643,No.643_No.539,Origin,1,37.566971,127.074417
No.539,No.643_No.539,Destination,1,37.559795,127.074203
No.602,No.602_No.539,Origin,1,37.572174,127.07138799999998
No.539,No.602_No.539,Destination,1,37.559795,127.074203
No.825,No.825_No.2040,Origin,2,37.520336,126.99426299999999
No.2040,No.825_No.2040,Destination,2,37.506359,126.969078
No.232,No.232_No.236,Origin,2,37.52565,126.887817
No.236,No.232_No.236,Destination,2,37.516155,126.89461499999999
No.260,No.260_No.244,Origin,2,37.533817,126.91249099999999
No.244,No.260_No.244,Destination,2,37.530079,126.905708
No.280,No.280_No.244,Origin,2,37.532101000000004,126.89443999999999
No.244,No.280_No.244,Destination,2,37.530079,126.905708
No.1941,No.1941_No.1965,Origin,2,37.493938,126.84405500000001
No.1965,No.1941_No.1965,Destination,2,37.497231,126.859192
No.760,No.760_No.1965,Origin,1,37.506821,126.84429899999999
No.1965,No.760_No.1965,Destination,1,37.497231,126.859192
No.800,No.800_No.2024,Origin,2,37.532433000000005,126.954742
No.2024,No.800_No.2024,Destination,2,37.502178,126.948204
No.1105,No.1105_No.1101,Origin,2,37.581623,126.812653
No.1101,No.1105_No.1101,Destination,2,37.581612,126.798599
No.2255,No.2255_No.2340,Origin,1,37.47044,127.03885700000001
No.2340,No.2255_No.2340,Destination,1,37.477509000000005,127.045174
No.2256,No.2256_No.2340,Origin,2,37.467690000000005,127.04035900000001
No.2340,No.2256_No.2340,Destination,2,37.477509000000005,127.045174
No.800,No.800_No.2020,Origin,2,37.532433000000005,126.954742
No.2020,No.800_No.2020,Destination,2,37.504498,126.938988
No.232,No.232_No.243,Origin,3,37.52565,126.887817
No.243,No.232_No.243,Destination,3,37.527084,126.89138
No.602,No.602_No.3500,Origin,2,37.572174,127.07138799999998
No.3500,No.602_No.3500,Destination,2,37.557587,127.079697
No.1430,No.1430_No.1455,Origin,2,37.606152,127.092598
No.1455,No.1430_No.1455,Destination,2,37.596329,127.085899
No.2256,No.2256_No.2324,Origin,2,37.467690000000005,127.04035900000001
No.2324,No.2256_No.2324,Destination,2,37.500439,127.066223
No.800,No.800_No.2003,Origin,2,37.532433000000005,126.954742
No.2003,No.800_No.2003,Destination,2,37.513359,126.94805900000001
No.627,No.627_No.1446,Origin,2,37.578632,127.07190700000001
No.1446,No.627_No.1446,Destination,2,37.591301,127.08033
No.2256,No.2256_No.2501,Origin,1,37.467690000000005,127.04035900000001
No.2501,No.2256_No.2501,Destination,1,37.450661,127.05706
No.2251,No.2251_No.2501,Origin,1,37.467506,127.034477
No.2501,No.2251_No.2501,Destination,1,37.450661,127.05706
No.602,No.602_No.1269,Origin,2,37.572174,127.07138799999998
No.1269,No.602_No.1269,Destination,2,37.511944,127.09121699999999
No.2249,No.2249_No.2248,Origin,2,37.456234,127.019348
No.2248,No.2249_No.2248,Destination,2,37.459953000000006,127.02474199999999
No.2217,No.2217_No.2272,Origin,2,37.513046,127.005959
No.2272,No.2217_No.2272,Destination,2,37.487309,127.010582
No.2251,No.2251_No.2276,Origin,2,37.467506,127.034477
No.2276,No.2251_No.2276,Destination,2,37.474388,127.03890200000001
No.2249,No.2249_No.2276,Origin,1,37.456234,127.019348
No.2276,No.2249_No.2276,Destination,1,37.474388,127.03890200000001
No.305,No.305_No.321,Origin,3,37.572582000000004,126.97835500000001
No.321,No.305_No.321,Destination,3,37.565464,126.98413799999999
No.627,No.627_No.1061,Origin,2,37.578632,127.07190700000001
No.1061,No.627_No.1061,Destination,2,37.546928,127.134621
No.2217,No.2217_No.2227,Origin,1,37.513046,127.005959
No.2227,No.2217_No.2227,Destination,1,37.489052,126.99252299999999
No.2262,No.2262_No.2227,Origin,2,37.516597999999995,127.00958999999999
No.2227,No.2262_No.2227,Destination,2,37.489052,126.99252299999999
No.2262,No.2262_No.2221,Origin,2,37.516597999999995,127.00958999999999
No.2221,No.2262_No.2221,Destination,2,37.485611,126.99468200000001
No.825,No.825_No.2221,Origin,1,37.520336,126.99426299999999
No.2221,No.825_No.2221,Destination,1,37.485611,126.99468200000001
No.342,No.342_No.341,Origin,2,37.579784000000004,127.00253300000001
No.341,No.342_No.341,Destination,2,37.58157,127.00178500000001
No.1105,No.1105_No.1106,Origin,2,37.581623,126.812653
No.1106,No.1105_No.1106,Destination,2,37.573032,126.816452
No.627,No.627_No.1059,Origin,1,37.578632,127.07190700000001
No.1059,No.627_No.1059,Destination,1,37.538181,127.131752
No.625,No.625_No.1059,Origin,2,37.568191999999996,127.057175
No.1059,No.625_No.1059,Destination,2,37.538181,127.131752
No.456,No.456_No.363,Origin,2,37.574471,127.019829
No.363,No.456_No.363,Destination,2,37.575759999999995,127.02283500000001
No.1826,No.1826_No.2109,Origin,3,37.456841,126.88834399999999
No.2109,No.1826_No.2109,Destination,3,37.486225,126.935829
No.373,No.373_No.372,Origin,2,37.555859000000005,127.013855
No.372,No.373_No.372,Destination,2,37.554295,127.0112
No.305,No.305_No.385,Origin,2,37.572582000000004,126.97835500000001
No.385,No.305_No.385,Destination,2,37.569835999999995,126.982658
No.1441,No.1441_No.1041,Origin,2,37.616710999999995,127.11073300000001
No.1041,No.1441_No.1041,Destination,2,37.559196,127.153297
No.604,No.604_No.1297,Origin,2,37.569656,127.05596200000001
No.1297,No.604_No.1297,Destination,2,37.509201000000004,127.104118
No.604,No.604_No.2615,Origin,2,37.569656,127.05596200000001
No.2615,No.604_No.2615,Destination,2,37.48835,127.12078100000001
No.538,No.538_No.2615,Origin,1,37.56765,127.05115500000001
No.2615,No.538_No.2615,Destination,1,37.48835,127.12078100000001
No.124,No.124_No.129,Origin,3,37.551140000000004,126.93698899999998
No.129,No.124_No.129,Destination,3,37.555054,126.937569
No.825,No.825_No.2159,Origin,2,37.520336,126.99426299999999
No.2159,No.825_No.2159,Destination,2,37.47509,126.95922900000001
No.800,No.800_No.2148,Origin,2,37.532433000000005,126.954742
No.2148,No.800_No.2148,Destination,2,37.477028000000004,126.963394
No.1430,No.1430_No.1033,Origin,2,37.606152,127.092598
No.1033,No.1430_No.1033,Destination,2,37.557990999999994,127.14470700000001
No.280,No.280_No.1956,Origin,2,37.532101000000004,126.89443999999999
No.1956,No.280_No.1956,Destination,2,37.51001,126.88205
No.1826,No.1826_No.2130,Origin,2,37.456841,126.88834399999999
No.2130,No.1826_No.2130,Destination,2,37.47197,126.95876299999999
No.830,No.830_No.2130,Origin,1,37.534424,126.94856999999999
No.2130,No.830_No.2130,Destination,1,37.47197,126.95876299999999
No.750,No.750_No.1127,Origin,2,37.512157,126.835625
No.1127,No.750_No.1127,Destination,2,37.540981,126.83854699999999
No.431,No.431_No.378,Origin,2,37.5709,127.019524
No.378,No.431_No.378,Destination,2,37.569805,127.016953
No.1438,No.1438_No.1420,Origin,3,37.616169,127.093483
No.1420,No.1438_No.1420,Destination,3,37.614231,127.096764
No.538,No.538_No.594,Origin,3,37.56765,127.05115500000001
No.594,No.538_No.594,Destination,3,37.558365,127.056908
No.1428,No.1428_No.1717,Origin,3,37.616023999999996,127.085968
No.1717,No.1428_No.1717,Destination,3,37.655708000000004,127.050102
No.1413,No.1413_No.1731,Origin,1,37.617561,127.090309
No.1731,No.1413_No.1731,Destination,1,37.6875,127.042557
No.1325,No.1325_No.1731,Origin,2,37.605808,127.04773700000001
No.1731,No.1325_No.1731,Destination,2,37.6875,127.042557
No.750,No.750_No.743,Origin,2,37.512157,126.835625
No.743,No.750_No.743,Destination,2,37.5089,126.84268200000001
No.1375,No.1375_No.1727,Origin,3,37.603909,127.037376
No.1727,No.1375_No.1727,Destination,3,37.678677,127.040764
No.947,No.947_No.951,Origin,3,37.622669,126.919991
No.951,No.947_No.951,Destination,3,37.619305,126.920593
No.1375,No.1375_No.1723,Origin,2,37.603909,127.037376
No.1723,No.1375_No.1723,Destination,2,37.662079,127.027718
No.1438,No.1438_No.1651,Origin,2,37.616169,127.093483
No.1651,No.1438_No.1651,Destination,2,37.672375,127.05599199999999
No.1454,No.1454_No.1651,Origin,2,37.607349,127.07858999999999
No.1651,No.1454_No.1651,Destination,2,37.672375,127.05599199999999
No.1454,No.1454_No.1653,Origin,2,37.607349,127.07858999999999
No.1653,No.1454_No.1653,Destination,2,37.6562,127.063622
No.1454,No.1454_No.1722,Origin,2,37.607349,127.07858999999999
No.1722,No.1454_No.1722,Destination,2,37.657799,127.050049
No.1328,No.1328_No.1722,Origin,1,37.602627000000005,127.041634
No.1722,No.1328_No.1722,Destination,1,37.657799,127.050049
No.809,No.809_No.2395,Origin,2,37.530167,127.00743899999999
No.2395,No.809_No.2395,Destination,2,37.47929,127.055733
No.647,No.647_No.1601,Origin,4,37.602798,127.067268
No.1601,No.647_No.1601,Destination,4,37.615299,127.06446799999999
No.902,No.902_No.959,Origin,2,37.643108000000005,126.918221
No.959,No.902_No.959,Destination,2,37.643661,126.91455800000001
No.1150,No.1150_No.1151,Origin,5,37.56155,126.810478
No.1151,No.1150_No.1151,Destination,5,37.560234,126.823471
No.406,No.406_No.1158,Origin,2,37.581314,126.88058500000001
No.1158,No.406_No.1158,Destination,2,37.561035,126.854813
No.413,No.413_No.1158,Origin,2,37.571476000000004,126.88968700000001
No.1158,No.413_No.1158,Destination,2,37.561035,126.854813
No.1353,No.1353_No.1535,Origin,2,37.60083,127.023552
No.1535,No.1353_No.1535,Destination,2,37.636292,127.023376
No.647,No.647_No.1690,Origin,1,37.602798,127.067268
No.1690,No.647_No.1690,Destination,1,37.65773,127.05931100000001
No.607,No.607_No.1690,Origin,1,37.602711,127.06786299999999
No.1690,No.607_No.1690,Destination,1,37.65773,127.05931100000001
No.750,No.750_No.763,Origin,1,37.512157,126.835625
No.763,No.750_No.763,Destination,1,37.511318,126.85862
No.1969,No.1969_No.763,Origin,1,37.501903999999996,126.82896399999998
No.763,No.1969_No.763,Destination,1,37.511318,126.85862
No.809,No.809_No.2508,Origin,2,37.530167,127.00743899999999
No.2508,No.809_No.2508,Destination,2,37.482979,127.042259
No.1441,No.1441_No.1680,Origin,2,37.616710999999995,127.11073300000001
No.1680,No.1441_No.1680,Destination,2,37.642654,127.108383
No.181,No.181_No.765,Origin,2,37.551342,126.902672
No.765,No.181_No.765,Destination,2,37.524776,126.87548100000001
No.538,No.538_No.1231,Origin,1,37.56765,127.05115500000001
No.1231,No.538_No.1231,Destination,1,37.514088,127.09903
No.583,No.583_No.1231,Origin,1,37.56797,127.04688999999999
No.1231,No.583_No.1231,Destination,1,37.514088,127.09903
No.1353,No.1353_No.1540,Origin,2,37.60083,127.023552
No.1540,No.1353_No.1540,Destination,2,37.64167,127.016884
No.101,No.101_No.105,Origin,1,37.549561,126.905754
No.105,No.101_No.105,Destination,1,37.550007,126.914825
No.1320,No.1320_No.1528,Origin,2,37.59827,127.035027
No.1528,No.1320_No.1528,Destination,2,37.615035999999996,127.020699
No.417,No.417_No.948,Origin,2,37.575069,126.899918
No.948,No.417_No.948,Destination,2,37.577202,126.902351
No.1328,No.1328_No.1732,Origin,1,37.602627000000005,127.041634
No.1732,No.1328_No.1732,Destination,1,37.667598999999996,127.042999
No.607,No.607_No.1732,Origin,1,37.602711,127.06786299999999
No.1732,No.607_No.1732,Destination,1,37.667598999999996,127.042999
No.1852,No.1999_No.1852,Destination,2,37.451771,126.913399
No.617,No.617_No.1258,Origin,2,37.574203000000004,127.057693
No.1258,No.617_No.1258,Destination,2,37.493198,127.128998
No.1931,No.1999_No.1931,Destination,2,37.494995,126.858253
No.621,No.621_No.654,Origin,2,37.574718,127.05339099999999
No.654,No.621_No.654,Destination,2,37.577621,127.052109
No.617,No.617_No.658,Origin,2,37.574203000000004,127.057693
No.658,No.617_No.658,Destination,2,37.572948,127.066147
No.1969,No.1969_No.1901,Origin,2,37.501903999999996,126.82896399999998
No.1901,No.1969_No.1901,Destination,2,37.507332,126.87973000000001
No.1320,No.1320_No.1513,Origin,4,37.59827,127.035027
No.1513,No.1320_No.1513,Destination,4,37.639648,127.025124
No.809,No.809_No.2511,Origin,2,37.530167,127.00743899999999
No.607,No.607_No.1639,Origin,2,37.602711,127.06786299999999
No.1639,No.607_No.1639,Destination,2,37.680313,127.05506899999999
No.1971,No.1971_No.1850,Origin,2,37.490722999999996,126.826393
No.1850,No.1971_No.1850,Destination,2,37.48016,126.88636799999999
No.1971,No.1971_No.1848,Origin,2,37.490722999999996,126.826393
No.1848,No.1971_No.1848,Destination,2,37.476276,126.885391
No.429,No.429_No.2504,Origin,2,37.549889,127.007347
No.2504,No.429_No.2504,Destination,2,37.515881,127.019302
No.429,No.429_No.2361,Origin,2,37.549889,127.007347
No.2361,No.429_No.2361,Destination,2,37.526844,127.028259
No.119,No.119_No.111,Origin,2,37.545284,126.931053
No.111,No.119_No.111,Destination,2,37.547871,126.92353100000001
No.1150,No.1150_No.739,Origin,1,37.56155,126.810478
No.739,No.1150_No.739,Destination,1,37.536201,126.827797
No.1109,No.1109_No.739,Origin,2,37.563347,126.81048600000001
No.739,No.1109_No.739,Destination,2,37.536201,126.827797
No.1108,No.1108_No.732,Origin,2,37.563559999999995,126.81015
No.732,No.1108_No.732,Destination,2,37.539551,126.8283
No.375,No.375_No.2396,Origin,3,37.563717,127.018425
No.2396,No.375_No.2396,Destination,3,37.485741,127.051048
No.1321,No.1321_No.1525,Origin,2,37.593288,127.036667
No.1525,No.1321_No.1525,Destination,2,37.627140000000004,127.02669499999999
No.1969,No.1969_No.1806,Origin,1,37.501903999999996,126.82896399999998
No.1806,No.1969_No.1806,Destination,1,37.486214000000004,126.87863899999999
No.101,No.101_No.1806,Origin,1,37.549561,126.905754
No.1806,No.101_No.1806,Destination,1,37.486214000000004,126.87863899999999
No.181,No.181_No.1141,Origin,2,37.551342,126.902672
No.1141,No.181_No.1141,Destination,2,37.52906,126.84848000000001
No.1430,No.1430_No.1458,Origin,1,37.606152,127.092598
No.1458,No.1430_No.1458,Destination,1,37.58976,127.09323899999998
No.834,No.834_No.2264,Origin,1,37.539009,126.96138
No.2264,No.834_No.2264,Destination,1,37.488556,126.982574
No.915,No.915_No.131,Origin,4,37.584381,126.909897
No.131,No.915_No.131,Destination,4,37.584171000000005,126.911102
No.1321,No.1321_No.1511,Origin,1,37.593288,127.036667
No.1511,No.1321_No.1511,Destination,1,37.631122999999995,127.03603400000001
No.583,No.583_No.3522,Origin,1,37.56797,127.04688999999999
No.3522,No.583_No.3522,Destination,1,37.561245,127.048851
No.1321,No.1321_No.1354,Origin,3,37.593288,127.036667
No.1354,No.1321_No.1354,Destination,3,37.590714,127.036194
No.1105,No.1105_No.1149,Origin,1,37.581623,126.812653
No.1149,No.1105_No.1149,Destination,1,37.567284,126.818275
No.401,No.401_No.1149,Origin,1,37.586189000000005,126.881615
No.1149,No.401_No.1149,Destination,1,37.567284,126.818275
No.838,No.838_No.2263,Origin,2,37.54446,126.97238899999999
No.2263,No.838_No.2263,Destination,2,37.471928000000005,127.02683999999999
No.834,No.834_No.2263,Origin,1,37.539009,126.96138
No.2263,No.834_No.2263,Destination,1,37.471928000000005,127.02683999999999
No.583,No.583_No.2206,Origin,3,37.56797,127.04688999999999
No.2206,No.583_No.2206,Destination,3,37.454399,127.06230900000001
No.181,No.181_No.285,Origin,1,37.551342,126.902672
No.285,No.181_No.285,Destination,1,37.499859,126.89724
No.301,No.301_No.302,Origin,1,37.575794,126.971451
No.302,No.301_No.302,Destination,1,37.575947,126.97406000000001
No.182,No.182_No.1951,Origin,3,37.551567,126.902847
No.1951,No.182_No.1951,Destination,3,37.480289,126.8395
No.583,No.583_No.2373,Origin,2,37.56797,127.04688999999999
No.2373,No.583_No.2373,Destination,2,37.489277,127.065575
No.642,No.642_No.2373,Origin,1,37.570156,127.048584
No.2373,No.642_No.2373,Destination,1,37.489277,127.065575
No.642,No.642_No.3504,Origin,1,37.570156,127.048584
No.3504,No.642_No.3504,Destination,1,37.538052,127.076599
No.182,No.182_No.702,Origin,2,37.551567,126.902847
No.702,No.182_No.702,Destination,2,37.532543,126.868729
No.151,No.151_No.1998,Origin,1,37.555687,126.905548
No.1998,No.151_No.1998,Destination,1,37.498569,126.871521
No.617,No.617_No.543,Origin,3,37.574203000000004,127.057693
No.543,No.617_No.543,Destination,3,37.535969,127.094673
No.607,No.607_No.1736,Origin,1,37.602711,127.06786299999999
No.1736,No.607_No.1736,Destination,1,37.652241,127.03706399999999
No.151,No.151_No.263,Origin,1,37.555687,126.905548
No.263,No.151_No.263,Destination,1,37.517151,126.888626
No.151,No.151_No.1139,Origin,1,37.555687,126.905548
No.1139,No.151_No.1139,Destination,1,37.537890999999995,126.863396
No.607,No.607_No.1721,Origin,1,37.602711,127.06786299999999
No.1721,No.607_No.1721,Destination,1,37.653015,127.04699699999999
No.351,No.351_No.450,Origin,3,37.585079,126.970619
No.450,No.351_No.450,Destination,3,37.583603000000004,126.972549
No.640,No.640_No.633,Origin,1,37.582454999999996,127.044495
No.633,No.640_No.633,Destination,1,37.580405999999996,127.044823
No.834,No.834_No.2510,Origin,1,37.539009,126.96138
No.1430,No.1430_No.1421,Origin,3,37.606152,127.092598
No.1421,No.1430_No.1421,Destination,3,37.612460999999996,127.103378
No.185,No.185_No.281,Origin,1,37.542545000000004,126.934296
No.281,No.185_No.281,Destination,1,37.498241,126.89398200000001
No.185,No.185_No.206,Origin,5,37.542545000000004,126.934296
No.206,No.185_No.206,Destination,5,37.524665999999996,126.918022
No.151,No.151_No.265,Origin,2,37.555687,126.905548
No.265,No.151_No.265,Destination,2,37.521133,126.89653799999999
No.617,No.617_No.3537,Origin,2,37.574203000000004,127.057693
No.3537,No.617_No.3537,Destination,2,37.548489000000004,127.09375800000001
No.834,No.834_No.2285,Origin,2,37.539009,126.96138
No.2285,No.834_No.2285,Destination,2,37.457423999999996,127.02265200000001
No.348,No.348_No.158,Origin,2,37.572029,126.96078500000002
No.158,No.348_No.158,Destination,2,37.571259000000005,126.96048
No.413,No.413_No.1121,Origin,2,37.571476000000004,126.88968700000001
No.1121,No.413_No.1121,Destination,2,37.559478999999996,126.86438000000001
No.642,No.642_No.2401,Origin,2,37.570156,127.048584
No.2401,No.642_No.2401,Destination,2,37.486561,127.082672
No.617,No.617_No.1030,Origin,2,37.574203000000004,127.057693
No.1030,No.617_No.1030,Destination,2,37.527060999999996,127.12207
No.818,No.818_No.2246,Origin,2,37.544895000000004,126.96938300000001
No.2246,No.818_No.2246,Destination,2,37.4692,127.02900700000001
No.638,No.638_No.628,Origin,2,37.583008,127.060974
No.628,No.638_No.628,Destination,2,37.586815,127.067543
No.617,No.617_No.1013,Origin,1,37.574203000000004,127.057693
No.1013,No.617_No.1013,Destination,1,37.530772999999996,127.120926
No.622,No.622_No.1013,Origin,1,37.577793,127.05783100000001
No.1013,No.622_No.1013,Destination,1,37.530772999999996,127.120926
No.622,No.622_No.1020,Origin,2,37.577793,127.05783100000001
No.1020,No.622_No.1020,Destination,2,37.528290000000005,127.126801
No.124,No.124_No.127,Origin,2,37.551140000000004,126.93698899999998
No.127,No.124_No.127,Destination,2,37.55352,126.93695100000001
No.621,No.621_No.2620,Origin,1,37.574718,127.05339099999999
No.2620,No.621_No.2620,Destination,1,37.509979,127.11231200000002
No.624,No.624_No.2620,Origin,1,37.574188,127.045891
No.2620,No.624_No.2620,Destination,1,37.509979,127.11231200000002
No.184,No.184_No.748,Origin,1,37.558949,126.907753
No.748,No.184_No.748,Destination,1,37.530251,126.87930300000001
No.186,No.186_No.748,Origin,1,37.563965,126.89820900000001
No.748,No.186_No.748,Destination,1,37.530251,126.87930300000001
No.154,No.154_No.438,Origin,1,37.560909,126.905495
No.438,No.154_No.438,Destination,1,37.56472,126.906769
No.421,No.421_No.438,Origin,1,37.565903000000006,126.90118400000001
No.438,No.421_No.438,Destination,1,37.56472,126.906769
No.638,No.638_No.2617,Origin,2,37.583008,127.060974
No.2617,No.638_No.2617,Destination,2,37.496181,127.13803100000001
No.830,No.830_No.836,Origin,2,37.534424,126.94856999999999
No.836,No.830_No.836,Destination,2,37.531422,126.9515
No.1321,No.1321_No.1547,Origin,1,37.593288,127.036667
No.1547,No.1321_No.1547,Destination,1,37.618641,127.03623999999999
No.609,No.609_No.1547,Origin,1,37.587790999999996,127.037361
No.1547,No.609_No.1547,Destination,1,37.618641,127.03623999999999
No.609,No.609_No.1369,Origin,2,37.587790999999996,127.037361
No.1369,No.609_No.1369,Destination,2,37.609131,127.030029
No.900,No.900_No.939,Origin,2,37.603943,126.927696
No.939,No.900_No.939,Destination,2,37.6017,126.92742199999999
No.818,No.818_No.2210,Origin,2,37.544895000000004,126.96938300000001
No.2210,No.818_No.2210,Destination,2,37.505096,127.013107
No.635,No.635_No.1637,Origin,1,37.587517,127.052773
No.1637,No.635_No.1637,Destination,1,37.654701,127.0634
No.656,No.656_No.1637,Origin,1,37.587238,127.04313700000002
No.1637,No.656_No.1637,Destination,1,37.654701,127.0634
No.638,No.638_No.3502,Origin,2,37.583008,127.060974
No.3502,No.638_No.3502,Destination,2,37.565659000000004,127.08429699999999
No.818,No.818_No.2247,Origin,3,37.544895000000004,126.96938300000001
No.2247,No.818_No.2247,Destination,3,37.462639,127.026619
No.123,No.123_No.117,Origin,2,37.59433,126.94738799999999
No.117,No.123_No.117,Destination,2,37.591159999999995,126.94133000000001
No.3103,No.3103_No.117,Origin,1,37.5867,126.94677
No.117,No.3103_No.117,Destination,1,37.591159999999995,126.94133000000001
No.414,No.414_No.409,Origin,1,37.57822,126.89447
No.409,No.414_No.409,Destination,1,37.579399,126.88916
No.409,No.972_No.409,Destination,2,37.579399,126.88916
No.640,No.640_No.639,Origin,1,37.582454999999996,127.044495
No.639,No.640_No.639,Destination,1,37.585196999999994,127.060951
No.519,No.519_No.521,Origin,1,37.566994,127.02991499999999
No.521,No.519_No.521,Destination,1,37.561446999999994,127.03492
No.657,No.657_No.3507,Origin,5,37.575759999999995,127.04836999999999
No.3507,No.657_No.3507,Destination,5,37.545952,127.07800300000001
No.624,No.624_No.3507,Origin,5,37.574188,127.045891
No.3507,No.624_No.3507,Destination,5,37.545952,127.07800300000001
No.630,No.630_No.3507,Origin,4,37.574852,127.040306
No.3507,No.630_No.3507,Destination,4,37.545952,127.07800300000001
No.830,No.830_No.2801,Origin,2,37.534424,126.94856999999999
No.185,No.185_No.2801,Origin,3,37.542545000000004,126.934296
No.119,No.119_No.2801,Origin,3,37.545284,126.931053
No.147,No.147_No.2801,Origin,2,37.539272,126.94591499999999
No.120,No.120_No.2801,Origin,1,37.545242,126.93411299999998
No.823,No.823_No.2230,Origin,3,37.542320000000004,126.96196
No.2230,No.823_No.2230,Destination,3,37.485828000000005,126.982628
No.144,No.144_No.2230,Origin,3,37.543579,126.951324
No.2230,No.144_No.2230,Destination,3,37.485828000000005,126.982628
No.145,No.145_No.2230,Origin,1,37.54425,126.951637
No.2230,No.145_No.2230,Destination,1,37.485828000000005,126.982628
No.375,No.375_No.2202,Origin,1,37.563717,127.018425
No.2202,No.375_No.2202,Destination,1,37.448935999999996,127.054375
No.820,No.820_No.2202,Origin,6,37.549026,126.971947
No.2202,No.820_No.2202,Destination,6,37.448935999999996,127.054375
No.656,No.656_No.1657,Origin,3,37.587238,127.04313700000002
No.1657,No.656_No.1657,Destination,3,37.654049,127.057327
No.609,No.609_No.1657,Origin,4,37.587790999999996,127.037361
No.1657,No.609_No.1657,Destination,4,37.654049,127.057327
No.630,No.630_No.1280,Origin,2,37.574852,127.040306
No.1280,No.630_No.1280,Destination,2,37.495659,127.157173
No.550,No.550_No.1280,Origin,5,37.57164,127.03566000000001
No.1280,No.550_No.1280,Destination,5,37.495659,127.157173
No.609,No.609_No.1623,Origin,5,37.587790999999996,127.037361
No.1623,No.609_No.1623,Destination,5,37.638649,127.06629199999999
No.1355,No.1355_No.1623,Origin,2,37.588699,127.01891299999998
No.1623,No.1355_No.1623,Destination,2,37.638649,127.06629199999999
No.519,No.519_No.1295,Origin,1,37.566994,127.02991499999999
No.1295,No.519_No.1295,Destination,1,37.513962,127.10030400000001
No.550,No.550_No.1295,Origin,4,37.57164,127.03566000000001
No.1295,No.550_No.1295,Destination,4,37.513962,127.10030400000001
No.518,No.518_No.1295,Origin,2,37.571526,127.03535500000001
No.1295,No.518_No.1295,Destination,2,37.513962,127.10030400000001
No.195,No.195_No.110,Origin,3,37.567657000000004,126.917809
No.110,No.195_No.110,Destination,3,37.568199,126.917847
No.155,No.155_No.110,Origin,4,37.56855,126.91451299999999
No.110,No.155_No.110,Destination,4,37.568199,126.917847
No.601,No.601_No.1684,Origin,6,37.575947,127.037361
No.1684,No.601_No.1684,Destination,6,37.618320000000004,127.07563
No.659,No.659_No.1684,Origin,1,37.57835,127.03338600000001
No.1684,No.659_No.1684,Destination,1,37.618320000000004,127.07563
No.615,No.615_No.623,Origin,7,37.576382,127.03511
No.623,No.615_No.623,Destination,7,37.583698,127.05385600000001
No.518,No.518_No.1010,Origin,7,37.571526,127.03535500000001
No.1010,No.518_No.1010,Destination,7,37.534481,127.13834399999999
No.120,No.120_No.1808,Origin,2,37.545242,126.93411299999998
No.1808,No.120_No.1808,Destination,2,37.473209000000004,126.884941
No.148,No.148_No.1808,Origin,5,37.542347,126.943024
No.1808,No.148_No.1808,Destination,5,37.473209000000004,126.884941
No.118,No.118_No.218,Origin,1,37.547733,126.93176299999999
No.218,No.118_No.218,Destination,1,37.523277,126.92923700000001
No.122,No.122_No.218,Origin,6,37.547249,126.93929299999999
No.218,No.122_No.218,Destination,6,37.523277,126.92923700000001
No.530,No.530_No.2331,Origin,3,37.568748,127.030403
No.2331,No.530_No.2331,Destination,3,37.498051000000004,127.044601
No.347,No.347_No.2331,Origin,4,37.565331,127.007843
No.2331,No.347_No.2331,Destination,4,37.498051000000004,127.044601
No.143,No.143_No.223,Origin,3,37.544579,126.95021799999999
No.223,No.143_No.223,Destination,3,37.519314,126.933167
No.145,No.145_No.223,Origin,4,37.54425,126.951637
No.223,No.145_No.223,Destination,4,37.519314,126.933167
No.518,No.518_No.548,Origin,1,37.571526,127.03535500000001
No.548,No.518_No.548,Destination,1,37.52977,127.07486000000002
No.612,No.612_No.548,Origin,6,37.573665999999996,127.03081499999999
No.548,No.612_No.548,Destination,6,37.52977,127.07486000000002
No.612,No.612_No.588,Origin,4,37.573665999999996,127.03081499999999
No.588,No.612_No.588,Destination,4,37.532688,127.067497
No.568,No.568_No.588,Origin,3,37.571102,127.02356
No.588,No.568_No.588,Destination,3,37.532688,127.067497
No.1355,No.1355_No.1534,Origin,7,37.588699,127.01891299999998
No.1534,No.1355_No.1534,Destination,7,37.619637,127.044533
No.183,No.183_No.115,Origin,5,37.565166,126.919395
No.115,No.183_No.115,Destination,5,37.558933,126.927116
No.431,No.431_No.3532,Origin,5,37.5709,127.019524
No.3532,No.431_No.3532,Destination,5,37.56068,127.026779
No.422,No.422_No.1175,Origin,2,37.569084000000004,126.894424
No.1175,No.422_No.1175,Destination,2,37.554379,126.85753600000001
No.420,No.420_No.1175,Origin,3,37.566246,126.896179
No.1175,No.420_No.1175,Destination,3,37.554379,126.85753600000001
No.659,No.659_No.1215,Origin,3,37.57835,127.03338600000001
No.1215,No.659_No.1215,Destination,3,37.516571,127.13153799999999
No.605,No.605_No.1215,Origin,2,37.5742,127.02649699999999
No.1215,No.605_No.1215,Destination,2,37.516571,127.13153799999999
No.437,No.437_No.201,Origin,5,37.54821,126.941383
No.201,No.437_No.201,Destination,5,37.531239,126.921333
No.437,No.437_No.1986,Origin,2,37.54821,126.941383
No.1986,No.437_No.1986,Destination,2,37.484859,126.895187
No.126,No.126_No.1986,Origin,3,37.550411,126.943848
No.1986,No.126_No.1986,Destination,3,37.484859,126.895187
No.347,No.347_No.564,Origin,2,37.565331,127.007843
No.564,No.347_No.564,Destination,2,37.547928000000006,127.01557199999999
No.361,No.361_No.564,Origin,3,37.573242,127.01590700000001
No.564,No.361_No.564,Destination,3,37.547928000000006,127.01557199999999
No.605,No.605_No.1434,Origin,2,37.5742,127.02649699999999
No.1434,No.605_No.1434,Destination,2,37.579868,127.08236699999999
No.1351,No.1351_No.1434,Origin,3,37.579449,127.024193
No.1434,No.1351_No.1434,Destination,3,37.579868,127.08236699999999
No.186,No.186_No.724,Origin,5,37.563965,126.89820900000001
No.724,No.186_No.724,Destination,5,37.510681,126.857399
No.186,No.186_No.725,Origin,5,37.563965,126.89820900000001
No.725,No.186_No.725,Destination,5,37.524334,126.850548
No.456,No.456_No.1268,Origin,3,37.574471,127.019829
No.1268,No.456_No.1268,Destination,3,37.517288,127.11419699999999
No.1363,No.1363_No.1268,Origin,2,37.583752000000004,127.02195
No.1268,No.1363_No.1268,Destination,2,37.517288,127.11419699999999
No.126,No.126_No.2112,Origin,3,37.550411,126.943848
No.2112,No.126_No.2112,Destination,3,37.481339,126.950645
No.807,No.807_No.2112,Origin,2,37.552277000000004,126.97268700000001
No.2112,No.807_No.2112,Destination,2,37.481339,126.950645
No.186,No.186_No.2115,Origin,4,37.563965,126.89820900000001
No.2115,No.186_No.2115,Destination,4,37.479915999999996,126.90284
No.153,No.153_No.2115,Origin,1,37.564696999999995,126.912613
No.2115,No.153_No.2115,Destination,1,37.479915999999996,126.90284
No.807,No.807_No.2160,Origin,4,37.552277000000004,126.97268700000001
No.2160,No.807_No.2160,Destination,4,37.478854999999996,126.951591
No.399,No.399_No.2160,Origin,1,37.554482,126.96608700000002
No.2160,No.399_No.2160,Destination,1,37.478854999999996,126.951591
No.420,No.420_No.1961,Origin,5,37.566246,126.896179
No.1961,No.420_No.1961,Destination,5,37.508194,126.891304
No.1338,No.1338_No.1401,Origin,5,37.586899,127.020752
No.1401,No.1338_No.1401,Destination,5,37.614738,127.07636299999999
No.399,No.399_No.2282,Origin,4,37.554482,126.96608700000002
No.2282,No.399_No.2282,Destination,4,37.477203,127.00583600000002
No.826,No.826_No.2282,Origin,1,37.555367,126.968643
No.2282,No.826_No.2282,Destination,1,37.477203,127.00583600000002
No.826,No.826_No.2292,Origin,5,37.555367,126.968643
No.2292,No.826_No.2292,Destination,5,37.488243,127.02701599999999
No.826,No.826_No.2333,Origin,3,37.555367,126.968643
No.2333,No.826_No.2333,Destination,3,37.485157,127.03407299999999
No.384,No.384_No.2333,Origin,2,37.559779999999996,126.968506
No.2333,No.384_No.2333,Destination,2,37.485157,127.03407299999999
No.140,No.140_No.220,Origin,4,37.560009,126.940735
No.220,No.140_No.220,Destination,4,37.519363,126.926048
No.142,No.142_No.220,Origin,2,37.557201,126.955666
No.220,No.142_No.220,Destination,2,37.519363,126.926048
No.3104,No.3104_No.220,Origin,4,37.558128,126.956207
No.220,No.3104_No.220,Destination,4,37.519363,126.926048
No.1355,No.1355_No.1678,Origin,2,37.588699,127.01891299999998
No.1678,No.1355_No.1678,Destination,2,37.648438,127.06444499999999
No.1305,No.1305_No.1678,Origin,1,37.589329,127.016434
No.1678,No.1305_No.1678,Destination,1,37.648438,127.06444499999999
No.1338,No.1338_No.1678,Origin,2,37.586899,127.020752
No.1678,No.1338_No.1678,Destination,2,37.648438,127.06444499999999
No.153,No.153_No.213,Origin,2,37.564696999999995,126.912613
No.213,No.153_No.213,Destination,2,37.521908,126.918953
No.183,No.183_No.213,Origin,1,37.565166,126.919395
No.213,No.183_No.213,Destination,1,37.521908,126.918953
No.421,No.421_No.213,Origin,2,37.565903000000006,126.90118400000001
No.213,No.421_No.213,Destination,2,37.521908,126.918953
No.1362,No.1362_No.1670,Origin,3,37.585097999999995,127.019676
No.1670,No.1362_No.1670,Destination,3,37.643409999999996,127.07183799999999
No.1363,No.1363_No.1670,Origin,2,37.583752000000004,127.02195
No.1670,No.1363_No.1670,Destination,2,37.643409999999996,127.07183799999999
No.1363,No.1363_No.1548,Origin,3,37.583752000000004,127.02195
No.1548,No.1363_No.1548,Destination,3,37.622688000000004,127.037811
No.1361,No.1361_No.1548,Origin,2,37.592842,127.002121
No.1548,No.1361_No.1548,Destination,2,37.622688000000004,127.037811
No.155,No.155_No.203,Origin,4,37.56855,126.91451299999999
No.203,No.155_No.203,Destination,4,37.528057000000004,126.918701
No.3102,No.3102_No.203,Origin,1,37.567966,126.931725
No.203,No.3102_No.203,Destination,1,37.528057000000004,126.918701
No.1352,No.1352_No.1372,Origin,3,37.583881,127.01709699999999
No.1372,No.1352_No.1372,Destination,3,37.586559,127.03196000000001
No.364,No.364_No.1372,Origin,2,37.579334,127.015083
No.1372,No.364_No.1372,Destination,2,37.586559,127.03196000000001
No.364,No.364_No.1014,Origin,2,37.579334,127.015083
No.1014,No.364_No.1014,Destination,2,37.5508,127.142624
No.344,No.344_No.1014,Origin,3,37.574036,127.006721
No.1014,No.344_No.1014,Destination,3,37.5508,127.142624
No.1361,No.1361_No.1682,Origin,4,37.592842,127.002121
No.1682,No.1361_No.1682,Destination,4,37.656799,127.077606
No.1361,No.1361_No.1503,Origin,2,37.592842,127.002121
No.1503,No.1361_No.1503,Destination,2,37.639278000000004,127.026756
No.1370,No.1370_No.1503,Origin,1,37.59454,126.995209
No.1503,No.1370_No.1503,Destination,1,37.639278000000004,127.026756
No.3104,No.3104_No.2105,Origin,2,37.558128,126.956207
No.2105,No.3104_No.2105,Destination,2,37.480251,126.914604
No.160,No.160_No.2105,Origin,1,37.557549,126.95938100000001
No.2105,No.160_No.2105,Destination,1,37.480251,126.914604
No.343,No.343_No.513,Origin,4,37.575432,127.00498200000001
No.513,No.343_No.513,Destination,4,37.546307,127.049805
No.160,No.160_No.225,Origin,4,37.557549,126.95938100000001
No.225,No.160_No.225,Destination,4,37.517368,126.929253
No.180,No.180_No.225,Origin,4,37.559967,126.96246299999999
No.225,No.180_No.225,Destination,4,37.517368,126.929253
No.3102,No.3102_No.219,Origin,1,37.567966,126.931725
No.219,No.3102_No.219,Destination,1,37.520695,126.925835
No.3107,No.3107_No.219,Origin,2,37.56974,126.933327
No.219,No.3107_No.219,Destination,2,37.520695,126.925835
No.420,No.420_No.211,Origin,4,37.566246,126.896179
No.211,No.420_No.211,Destination,4,37.522228000000005,126.924637
No.420,No.420_No.204,Origin,4,37.566246,126.896179
No.204,No.420_No.204,Destination,4,37.528164000000004,126.917023
No.343,No.343_No.1015,Origin,3,37.575432,127.00498200000001
No.1015,No.343_No.1015,Destination,3,37.550079,127.14691200000001
No.342,No.342_No.1015,Origin,1,37.579784000000004,127.00253300000001
No.1015,No.342_No.1015,Destination,1,37.550079,127.14691200000001
No.342,No.342_No.523,Origin,2,37.579784000000004,127.00253300000001
No.523,No.342_No.523,Destination,2,37.543663,127.01406100000001
No.337,No.337_No.523,Origin,1,37.578979,126.996475
No.523,No.337_No.523,Destination,1,37.543663,127.01406100000001
No.1370,No.1370_No.1635,Origin,3,37.59454,126.995209
No.1635,No.1370_No.1635,Destination,3,37.672709999999995,127.08316
